NP,Rate,We,label,category
5.500000,2.958401,38.500000,DictionaryBruteForce,BruteForce
13.500000,23.557530,244.600000,MITM-ArpSpoofing,Spoofing
13.500000,22.463776,244.600000,DictionaryBruteForce,BruteForce
5.500000,52.594154,38.500000,BrowserHijacking,Web
13.500000,0.334624,244.600000,Recon-HostDiscovery,Recon
5.500000,47.820881,38.500000,BenignTraffic,Benign
9.500000,0.459047,141.550000,DoS-TCP_Flood,DoS
13.500000,56.304125,244.600000,BenignTraffic,Benign
13.500000,16.437734,244.600000,BenignTraffic,Benign
13.500000,0.873249,244.600000,DictionaryBruteForce,BruteForce
5.500000,1716.826770,38.500000,MITM-ArpSpoofing,Spoofing
5.500000,1037.701093,38.500000,CommandInjection,Web
9.500000,269.210910,141.550000,DDoS-UDP_Fragmentation,DDoS
9.500000,32.334141,141.550000,DDoS-ICMP_Flood,DDoS
13.500000,900.129667,244.600000,CommandInjection,Web
13.500000,136.165532,244.600000,MITM-ArpSpoofing,Spoofing
9.500000,8.177597,141.550000,DDoS-ICMP_Fragmentation,DDoS
5.500000,47.612455,38.500000,BenignTraffic,Benign
13.500000,11.462494,244.600000,DictionaryBruteForce,BruteForce
5.500000,3486.702376,38.500000,BenignTraffic,Benign
9.500000,16115.694589,141.550000,DDoS-UDP_Flood,DDoS
9.500000,12.637628,141.550000,DoS-SYN_Flood,DoS
5.500000,16.075720,38.500000,Backdoor_Malware,Web
9.500000,0.176224,141.550000,DoS-SYN_Flood,DoS
5.500000,31.099908,38.500000,Recon-PingSweep,Recon
13.500000,3007.819587,244.600000,BenignTraffic,Benign
5.500000,118.772494,38.500000,CommandInjection,Web
13.500000,5.161193,244.600000,DNS_Spoofing,Spoofing
9.500000,40.938929,141.550000,Mirai-greip_flood,Mirai
9.500000,5.150607,141.550000,DDoS-RSTFINFlood,DDoS
9.500000,721.848445,141.550000,Mirai-udpplain,Mirai
9.500000,1.542743,141.550000,DDoS-SynonymousIP_Flood,DDoS
5.500000,152.815880,38.500000,BrowserHijacking,Web
9.500000,19.154697,141.550000,Mirai-greeth_flood,Mirai
9.500000,355.615244,141.550000,Mirai-greeth_flood,Mirai
13.500000,1342.783469,244.600000,BenignTraffic,Benign
5.500000,0.155627,38.500000,DictionaryBruteForce,BruteForce
9.500000,30.759501,141.550000,DoS-UDP_Flood,DoS
9.500000,45.523707,141.550000,Mirai-greeth_flood,Mirai
5.500000,0.442746,38.500000,CommandInjection,Web
9.500000,3973.049701,141.550000,Mirai-udpplain,Mirai
9.500000,13.259322,141.550000,DDoS-SlowLoris,DDoS
5.500000,4.394181,38.500000,DNS_Spoofing,Spoofing
13.500000,27.480104,244.600000,DictionaryBruteForce,BruteForce
13.500000,22.096881,244.600000,DNS_Spoofing,Spoofing
5.500000,0.057730,38.500000,Backdoor_Malware,Web
9.500000,12411.615554,141.550000,DoS-UDP_Flood,DoS
5.500000,252.936795,38.500000,BenignTraffic,Benign
5.500000,64.915589,38.500000,BenignTraffic,Benign
5.500000,1.090180,38.500000,DNS_Spoofing,Spoofing
9.500000,7.743958,141.550000,DDoS-HTTP_Flood,DDoS
13.500000,62.207821,244.600000,BrowserHijacking,Web
13.500000,28.710909,244.600000,BenignTraffic,Benign
9.500000,0.489124,141.550000,DoS-TCP_Flood,DoS
13.500000,39.871865,244.600000,DictionaryBruteForce,BruteForce
13.500000,93.817198,244.600000,DictionaryBruteForce,BruteForce
9.500000,747.631871,141.550000,Mirai-udpplain,Mirai
9.500000,0.399233,141.550000,DDoS-TCP_Flood,DDoS
5.500000,2737.717003,38.500000,DNS_Spoofing,Spoofing
5.500000,151.177760,38.500000,BrowserHijacking,Web
13.500000,25.967128,244.600000,DNS_Spoofing,Spoofing
13.500000,131.442759,244.600000,DictionaryBruteForce,BruteForce
5.500000,36.491546,38.500000,Recon-PingSweep,Recon
5.500000,31.264344,38.500000,MITM-ArpSpoofing,Spoofing
9.500000,683.283586,141.550000,Mirai-udpplain,Mirai
9.500000,49.142180,141.550000,DoS-HTTP_Flood,DoS
5.500000,77.980683,38.500000,SqlInjection,Web
13.500000,21.001077,244.600000,DictionaryBruteForce,BruteForce
9.500000,26130.541823,141.550000,DoS-UDP_Flood,DoS
13.500000,101.229222,244.600000,BenignTraffic,Benign
9.500000,1.583056,141.550000,DDoS-RSTFINFlood,DDoS
5.500000,72.764829,38.500000,DNS_Spoofing,Spoofing
5.500000,58.972178,38.500000,MITM-ArpSpoofing,Spoofing
13.500000,12.010929,244.600000,BenignTraffic,Benign
5.500000,1685.625226,38.500000,DictionaryBruteForce,BruteForce
13.500000,51.562431,244.600000,DNS_Spoofing,Spoofing
13.500000,8.665555,244.600000,Uploading_Attack,Web
9.500000,3598.934933,141.550000,DDoS-UDP_Flood,DDoS
13.500000,16.099719,244.600000,BenignTraffic,Benign
9.500000,114.561895,141.550000,DoS-HTTP_Flood,DoS
13.500000,10.193580,244.600000,Recon-OSScan,Recon
13.500000,57.363712,244.600000,DictionaryBruteForce,BruteForce
9.500000,77.708992,141.550000,DDoS-ICMP_Flood,DDoS
5.500000,41.779225,38.500000,DictionaryBruteForce,BruteForce
5.500000,710.244133,38.500000,MITM-ArpSpoofing,Spoofing
5.500000,34.295871,38.500000,DictionaryBruteForce,BruteForce
5.500000,0.088956,38.500000,Uploading_Attack,Web
9.500000,32.605725,141.550000,DoS-TCP_Flood,DoS
9.500000,1908.264334,141.550000,Mirai-udpplain,Mirai
9.500000,2671.297921,141.550000,VulnerabilityScan,Recon
9.500000,4269.725358,141.550000,DDoS-UDP_Flood,DDoS
9.500000,10.347364,141.550000,Mirai-greeth_flood,Mirai
13.500000,54.617175,244.600000,MITM-ArpSpoofing,Spoofing
13.500000,3.508731,244.600000,DictionaryBruteForce,BruteForce
9.500000,24799.755317,141.550000,DoS-UDP_Flood,DoS
9.500000,23.356780,141.550000,DDoS-ACK_Fragmentation,DDoS
9.500000,45.616540,141.550000,DDoS-SYN_Flood,DDoS
13.500000,73.657407,244.600000,Backdoor_Malware,Web
9.500000,341.406738,141.550000,DoS-HTTP_Flood,DoS
13.500000,24.770282,244.600000,BenignTraffic,Benign
13.500000,51.036986,244.600000,BenignTraffic,Benign
5.500000,42.685697,38.500000,Recon-PingSweep,Recon
9.500000,640.572396,141.550000,Mirai-udpplain,Mirai
13.500000,46.760001,244.600000,BenignTraffic,Benign
5.500000,868.807444,38.500000,Recon-OSScan,Recon
13.500000,78.260446,244.600000,BenignTraffic,Benign
13.500000,14.284523,244.600000,BenignTraffic,Benign
13.500000,22.353890,244.600000,BenignTraffic,Benign
13.500000,51.201704,244.600000,DNS_Spoofing,Spoofing
5.500000,68.750080,38.500000,DNS_Spoofing,Spoofing
13.500000,49.365851,244.600000,MITM-ArpSpoofing,Spoofing
9.500000,8953.921586,141.550000,DoS-UDP_Flood,DoS
13.500000,56.294966,244.600000,SqlInjection,Web
9.500000,14.624376,141.550000,DoS-HTTP_Flood,DoS
9.500000,0.000000,141.550000,DDoS-SynonymousIP_Flood,DDoS
5.500000,0.449195,38.500000,Uploading_Attack,Web
5.500000,1.361599,38.500000,DictionaryBruteForce,BruteForce
9.500000,209678.950921,141.550000,DDoS-ICMP_Fragmentation,DDoS
13.500000,24.863495,244.600000,DictionaryBruteForce,BruteForce
13.500000,29.141165,244.600000,MITM-ArpSpoofing,Spoofing
9.500000,0.277317,141.550000,DoS-SYN_Flood,DoS
9.500000,406.715794,141.550000,Mirai-greeth_flood,Mirai
9.500000,4.027112,141.550000,DoS-HTTP_Flood,DoS
5.500000,10.946730,38.500000,Recon-OSScan,Recon
5.500000,34.656405,38.500000,Uploading_Attack,Web
13.500000,6.784415,244.600000,Recon-PingSweep,Recon
9.500000,0.553454,141.550000,DoS-SYN_Flood,DoS
13.500000,6.080576,244.600000,CommandInjection,Web
13.500000,0.633222,244.600000,DictionaryBruteForce,BruteForce
9.500000,1.440363,141.550000,DDoS-PSHACK_Flood,DDoS
5.500000,15.322995,38.500000,Recon-HostDiscovery,Recon
13.500000,0.190156,244.600000,BrowserHijacking,Web
9.500000,0.939209,141.550000,Mirai-greip_flood,Mirai
9.500000,7.333804,141.550000,VulnerabilityScan,Recon
9.500000,1.945242,141.550000,DoS-SYN_Flood,DoS
9.500000,13.927578,141.550000,Mirai-greeth_flood,Mirai
5.500000,33.625795,38.500000,DNS_Spoofing,Spoofing
13.500000,74.431545,244.600000,DNS_Spoofing,Spoofing
13.500000,0.416168,244.600000,DictionaryBruteForce,BruteForce
9.500000,5.342346,141.550000,DoS-SYN_Flood,DoS
9.500000,17.473354,141.550000,Mirai-greeth_flood,Mirai
9.500000,4364.752477,141.550000,DDoS-UDP_Flood,DDoS
9.500000,8.029556,141.550000,DDoS-ACK_Fragmentation,DDoS
5.500000,119.482197,38.500000,DictionaryBruteForce,BruteForce
13.500000,48.598143,244.600000,BenignTraffic,Benign
13.500000,10.593417,244.600000,BenignTraffic,Benign
9.500000,6.699639,141.550000,Mirai-greeth_flood,Mirai
9.500000,484.729336,141.550000,DDoS-SlowLoris,DDoS
9.500000,1.360740,141.550000,Mirai-greip_flood,Mirai
13.500000,41.293389,244.600000,MITM-ArpSpoofing,Spoofing
9.500000,12354.071553,141.550000,DoS-UDP_Flood,DoS
9.500000,55.585537,141.550000,Mirai-greeth_flood,Mirai
5.500000,66.284691,38.500000,BenignTraffic,Benign
9.500000,66.164772,141.550000,Mirai-greeth_flood,Mirai
13.500000,111.863000,244.600000,DNS_Spoofing,Spoofing
5.500000,63.729358,38.500000,DNS_Spoofing,Spoofing
9.500000,2.146543,141.550000,DDoS-HTTP_Flood,DDoS
5.500000,74.182109,38.500000,MITM-ArpSpoofing,Spoofing
13.500000,205.409704,244.600000,Recon-PortScan,Recon
9.500000,2.223743,141.550000,Mirai-greeth_flood,Mirai
13.500000,579.837639,244.600000,MITM-ArpSpoofing,Spoofing
13.500000,136.827688,244.600000,CommandInjection,Web
9.500000,51.511393,141.550000,Mirai-greeth_flood,Mirai
9.500000,2.665982,141.550000,Mirai-greeth_flood,Mirai
13.500000,62.486322,244.600000,BenignTraffic,Benign
13.500000,28.514640,244.600000,Backdoor_Malware,Web
9.500000,0.770059,141.550000,DDoS-SynonymousIP_Flood,DDoS
9.500000,300.017988,141.550000,Mirai-greip_flood,Mirai
5.500000,72.247006,38.500000,BenignTraffic,Benign
9.500000,16.891096,141.550000,DDoS-ACK_Fragmentation,DDoS
9.500000,39.777362,141.550000,DDoS-SYN_Flood,DDoS
5.500000,90.540733,38.500000,BenignTraffic,Benign
5.500000,77.792689,38.500000,Uploading_Attack,Web
13.500000,11.412508,244.600000,BenignTraffic,Benign
13.500000,47.076215,244.600000,Recon-HostDiscovery,Recon
9.500000,86.700484,141.550000,DoS-HTTP_Flood,DoS
5.500000,81.063696,38.500000,Recon-PingSweep,Recon
13.500000,54.987424,244.600000,BenignTraffic,Benign
9.500000,137.701013,141.550000,Mirai-greeth_flood,Mirai
13.500000,275.014255,244.600000,MITM-ArpSpoofing,Spoofing
9.500000,13.632244,141.550000,Mirai-greeth_flood,Mirai
9.500000,234.135536,141.550000,DDoS-ICMP_Flood,DDoS
5.500000,0.415750,38.500000,Uploading_Attack,Web
9.500000,6.096584,141.550000,DDoS-RSTFINFlood,DDoS
5.500000,98.829942,38.500000,MITM-ArpSpoofing,Spoofing
13.500000,46.712393,244.600000,Uploading_Attack,Web
13.500000,291.552454,244.600000,MITM-ArpSpoofing,Spoofing
9.500000,1415.096624,141.550000,Mirai-udpplain,Mirai
13.500000,863.894920,244.600000,DictionaryBruteForce,BruteForce
9.500000,3.100983,141.550000,DDoS-HTTP_Flood,DDoS
9.500000,0.335139,141.550000,Mirai-greip_flood,Mirai
13.500000,92.363598,244.600000,DNS_Spoofing,Spoofing
5.500000,31.964041,38.500000,CommandInjection,Web
9.500000,0.398569,141.550000,DoS-SYN_Flood,DoS
9.500000,4.615453,141.550000,DDoS-SYN_Flood,DDoS
9.500000,32.113852,141.550000,DDoS-ICMP_Fragmentation,DDoS
13.500000,0.979726,244.600000,XSS,Web
9.500000,18.705046,141.550000,Mirai-greip_flood,Mirai
5.500000,65.540366,38.500000,BenignTraffic,Benign
13.500000,85.505964,244.600000,BenignTraffic,Benign
9.500000,5.262225,141.550000,Mirai-greeth_flood,Mirai
13.500000,72.346130,244.600000,Uploading_Attack,Web
9.500000,3.131880,141.550000,DoS-HTTP_Flood,DoS
5.500000,29.308053,38.500000,XSS,Web
5.500000,22.979566,38.500000,Recon-OSScan,Recon
9.500000,0.333070,141.550000,DoS-TCP_Flood,DoS
13.500000,72.448166,244.600000,BenignTraffic,Benign
13.500000,1584.666187,244.600000,MITM-ArpSpoofing,Spoofing
13.500000,4.738878,244.600000,Backdoor_Malware,Web
9.500000,5.921599,141.550000,DoS-SYN_Flood,DoS
9.500000,2.004998,141.550000,DDoS-ACK_Fragmentation,DDoS
13.500000,137.879188,244.600000,BrowserHijacking,Web
9.500000,11.935790,141.550000,VulnerabilityScan,Recon
9.500000,3.512874,141.550000,Mirai-greeth_flood,Mirai
9.500000,0.000000,141.550000,DDoS-RSTFINFlood,DDoS
5.500000,0.785970,38.500000,BenignTraffic,Benign
13.500000,53.153920,244.600000,Recon-HostDiscovery,Recon
5.500000,62.085971,38.500000,Recon-PortScan,Recon
13.500000,5.264389,244.600000,DictionaryBruteForce,BruteForce
13.500000,44.532671,244.600000,CommandInjection,Web
13.500000,49.087332,244.600000,DictionaryBruteForce,BruteForce
5.500000,8.059930,38.500000,Recon-PingSweep,Recon
9.500000,12.520472,141.550000,Mirai-greip_flood,Mirai
9.500000,0.999752,141.550000,DDoS-PSHACK_Flood,DDoS
9.500000,25890.918091,141.550000,DoS-UDP_Flood,DoS
5.500000,13.449756,38.500000,Recon-PortScan,Recon
5.500000,0.162522,38.500000,Backdoor_Malware,Web
9.500000,0.430282,141.550000,DoS-HTTP_Flood,DoS
9.500000,624.578945,141.550000,Mirai-udpplain,Mirai
9.500000,9.426253,141.550000,DDoS-HTTP_Flood,DDoS
9.500000,5.073797,141.550000,DoS-HTTP_Flood,DoS
5.500000,16.441276,38.500000,DNS_Spoofing,Spoofing
9.500000,21999.763510,141.550000,DoS-UDP_Flood,DoS
9.500000,51.956000,141.550000,Mirai-greip_flood,Mirai
13.500000,18.582293,244.600000,BenignTraffic,Benign
5.500000,64.636313,38.500000,BenignTraffic,Benign
9.500000,218.053002,141.550000,DDoS-SynonymousIP_Flood,DDoS
9.500000,9736.843340,141.550000,DDoS-UDP_Flood,DDoS
13.500000,51.988110,244.600000,BenignTraffic,Benign
9.500000,47.122625,141.550000,DDoS-ICMP_Fragmentation,DDoS
9.500000,5.188084,141.550000,DDoS-SynonymousIP_Flood,DDoS
13.500000,1.698576,244.600000,DNS_Spoofing,Spoofing
13.500000,133.848847,244.600000,Recon-PortScan,Recon
5.500000,6.413411,38.500000,BrowserHijacking,Web
5.500000,0.360139,38.500000,Backdoor_Malware,Web
13.500000,0.884393,244.600000,DictionaryBruteForce,BruteForce
5.500000,102.351207,38.500000,DNS_Spoofing,Spoofing
13.500000,8.768498,244.600000,BenignTraffic,Benign
13.500000,24.861358,244.600000,Recon-PingSweep,Recon
13.500000,9.060346,244.600000,BenignTraffic,Benign
9.500000,1922.127686,141.550000,DDoS-UDP_Flood,DDoS
5.500000,18.476068,38.500000,DictionaryBruteForce,BruteForce
9.500000,10.372181,141.550000,DoS-HTTP_Flood,DoS
5.500000,5.168732,38.500000,Uploading_Attack,Web
9.500000,66.394460,141.550000,Mirai-greip_flood,Mirai
13.500000,550.862245,244.600000,MITM-ArpSpoofing,Spoofing
13.500000,118.967992,244.600000,Recon-OSScan,Recon
9.500000,6.535557,141.550000,DoS-HTTP_Flood,DoS
13.500000,21.478923,244.600000,SqlInjection,Web
13.500000,16.014837,244.600000,SqlInjection,Web
5.500000,30.088283,38.500000,DictionaryBruteForce,BruteForce
5.500000,0.233374,38.500000,BenignTraffic,Benign
9.500000,74.859704,141.550000,DDoS-SlowLoris,DDoS
9.500000,2629.278894,141.550000,Mirai-udpplain,Mirai
9.500000,87.930901,141.550000,DoS-HTTP_Flood,DoS
5.500000,8.298073,38.500000,Recon-OSScan,Recon
13.500000,1.332992,244.600000,DNS_Spoofing,Spoofing
5.500000,1.363901,38.500000,SqlInjection,Web
13.500000,21.579199,244.600000,SqlInjection,Web
5.500000,134.983423,38.500000,Recon-OSScan,Recon
13.500000,19.415800,244.600000,BenignTraffic,Benign
5.500000,50.572384,38.500000,MITM-ArpSpoofing,Spoofing
9.500000,14.913797,141.550000,DoS-TCP_Flood,DoS
9.500000,65.543459,141.550000,Mirai-greeth_flood,Mirai
9.500000,1.711531,141.550000,Mirai-greeth_flood,Mirai
5.500000,2.947292,38.500000,BenignTraffic,Benign
9.500000,61.267809,141.550000,DDoS-SlowLoris,DDoS
13.500000,63.136122,244.600000,Backdoor_Malware,Web
9.500000,13.159216,141.550000,DoS-SYN_Flood,DoS
9.500000,1495.068986,141.550000,Mirai-udpplain,Mirai
9.500000,17.339051,141.550000,Mirai-greeth_flood,Mirai
9.500000,40.794670,141.550000,DDoS-SynonymousIP_Flood,DDoS
13.500000,60.659326,244.600000,BenignTraffic,Benign
5.500000,25.875753,38.500000,Recon-PortScan,Recon
9.500000,3.710350,141.550000,DoS-SYN_Flood,DoS
5.500000,52.643519,38.500000,BenignTraffic,Benign
9.500000,1.040678,141.550000,DoS-SYN_Flood,DoS
13.500000,93.860508,244.600000,Recon-PingSweep,Recon
13.500000,8.483781,244.600000,BenignTraffic,Benign
9.500000,0.000000,141.550000,DDoS-ICMP_Flood,DDoS
5.500000,124.230919,38.500000,Recon-PortScan,Recon
5.500000,10.814580,38.500000,DictionaryBruteForce,BruteForce
13.500000,2669.663149,244.600000,BenignTraffic,Benign
13.500000,1.506263,244.600000,DNS_Spoofing,Spoofing
9.500000,6453.749574,141.550000,DDoS-HTTP_Flood,DDoS
13.500000,0.254239,244.600000,CommandInjection,Web
5.500000,123.562888,38.500000,BenignTraffic,Benign
9.500000,3.046202,141.550000,Mirai-greip_flood,Mirai
9.500000,19.896927,141.550000,DoS-SYN_Flood,DoS
5.500000,50.916881,38.500000,BenignTraffic,Benign
9.500000,6.298567,141.550000,DDoS-PSHACK_Flood,DDoS
5.500000,57.576488,38.500000,BenignTraffic,Benign
5.500000,37.314188,38.500000,DictionaryBruteForce,BruteForce
5.500000,157.860504,38.500000,BenignTraffic,Benign
9.500000,6.169251,141.550000,DoS-HTTP_Flood,DoS
9.500000,1.513039,141.550000,Mirai-greip_flood,Mirai
5.500000,20.563016,38.500000,BenignTraffic,Benign
9.500000,7.999462,141.550000,Mirai-greip_flood,Mirai
13.500000,9.493006,244.600000,DictionaryBruteForce,BruteForce
13.500000,53.995907,244.600000,DictionaryBruteForce,BruteForce
5.500000,213.557322,38.500000,DNS_Spoofing,Spoofing
5.500000,0.872274,38.500000,Recon-PingSweep,Recon
13.500000,31.870280,244.600000,BenignTraffic,Benign
5.500000,184.741578,38.500000,MITM-ArpSpoofing,Spoofing
13.500000,0.401560,244.600000,BrowserHijacking,Web
9.500000,4.060950,141.550000,DoS-SYN_Flood,DoS
5.500000,48.002521,38.500000,DictionaryBruteForce,BruteForce
13.500000,3.510629,244.600000,DNS_Spoofing,Spoofing
13.500000,44.280356,244.600000,DictionaryBruteForce,BruteForce
5.500000,29.872479,38.500000,XSS,Web
13.500000,81.655775,244.600000,DNS_Spoofing,Spoofing
9.500000,9.409708,141.550000,Mirai-greeth_flood,Mirai
13.500000,44.196600,244.600000,BenignTraffic,Benign
13.500000,599.229605,244.600000,BrowserHijacking,Web
9.500000,15.373467,141.550000,DoS-HTTP_Flood,DoS
5.500000,5.314012,38.500000,DictionaryBruteForce,BruteForce
9.500000,11.644396,141.550000,Mirai-greeth_flood,Mirai
5.500000,5.093449,38.500000,DictionaryBruteForce,BruteForce
13.500000,25.964399,244.600000,Recon-PingSweep,Recon
9.500000,17.215109,141.550000,DDoS-ICMP_Fragmentation,DDoS
13.500000,76.957536,244.600000,DictionaryBruteForce,BruteForce
5.500000,2.893486,38.500000,DictionaryBruteForce,BruteForce
13.500000,47.877449,244.600000,DictionaryBruteForce,BruteForce
13.500000,16.459912,244.600000,Recon-PortScan,Recon
5.500000,13.748382,38.500000,SqlInjection,Web
9.500000,68.507513,141.550000,Mirai-greip_flood,Mirai
5.500000,46.475504,38.500000,BenignTraffic,Benign
13.500000,5.014418,244.600000,BenignTraffic,Benign
5.500000,2.391493,38.500000,BenignTraffic,Benign
9.500000,1420.558286,141.550000,Mirai-udpplain,Mirai
9.500000,1247.080949,141.550000,Mirai-udpplain,Mirai
9.500000,26.892167,141.550000,DDoS-ICMP_Flood,DDoS
13.500000,3.436906,244.600000,DictionaryBruteForce,BruteForce
9.500000,1.336413,141.550000,Mirai-greeth_flood,Mirai
9.500000,3.695936,141.550000,Mirai-greip_flood,Mirai
9.500000,1270.026242,141.550000,Mirai-udpplain,Mirai
5.500000,71.233881,38.500000,XSS,Web
9.500000,0.981212,141.550000,DoS-TCP_Flood,DoS
9.500000,832.369687,141.550000,Mirai-udpplain,Mirai
5.500000,2.523760,38.500000,Recon-OSScan,Recon
13.500000,5.508737,244.600000,BenignTraffic,Benign
13.500000,9.074536,244.600000,DictionaryBruteForce,BruteForce
9.500000,16.140329,141.550000,DoS-HTTP_Flood,DoS
5.500000,33.713489,38.500000,BenignTraffic,Benign
9.500000,0.368051,141.550000,DoS-HTTP_Flood,DoS
5.500000,31.779304,38.500000,DNS_Spoofing,Spoofing
13.500000,6.418505,244.600000,DictionaryBruteForce,BruteForce
5.500000,521.192280,38.500000,MITM-ArpSpoofing,Spoofing
13.500000,31.094980,244.600000,BenignTraffic,Benign
9.500000,5.231730,141.550000,Mirai-greeth_flood,Mirai
13.500000,64.693772,244.600000,MITM-ArpSpoofing,Spoofing
9.500000,1368.893032,141.550000,Mirai-udpplain,Mirai
13.500000,8.103951,244.600000,DictionaryBruteForce,BruteForce
13.500000,798.779623,244.600000,BenignTraffic,Benign
5.500000,5.900597,38.500000,Recon-PortScan,Recon
5.500000,150.700135,38.500000,DictionaryBruteForce,BruteForce
9.500000,1.000801,141.550000,DDoS-SYN_Flood,DDoS
9.500000,1056.162893,141.550000,Mirai-udpplain,Mirai
9.500000,1.492475,141.550000,DDoS-SYN_Flood,DDoS
5.500000,9.463519,38.500000,MITM-ArpSpoofing,Spoofing
5.500000,37.507773,38.500000,DictionaryBruteForce,BruteForce
9.500000,0.383540,141.550000,DoS-TCP_Flood,DoS
5.500000,278.805425,38.500000,Recon-PortScan,Recon
5.500000,109.610451,38.500000,BrowserHijacking,Web
9.500000,0.523964,141.550000,DoS-SYN_Flood,DoS
9.500000,28.890728,141.550000,Mirai-greeth_flood,Mirai
5.500000,0.823540,38.500000,DictionaryBruteForce,BruteForce
5.500000,239.379903,38.500000,BenignTraffic,Benign
9.500000,4.561097,141.550000,Mirai-greip_flood,Mirai
5.500000,17.960869,38.500000,CommandInjection,Web
13.500000,62.912492,244.600000,Backdoor_Malware,Web
9.500000,52429.641671,141.550000,DoS-HTTP_Flood,DoS
9.500000,53.488024,141.550000,DoS-HTTP_Flood,DoS
13.500000,99.240583,244.600000,Recon-PortScan,Recon
13.500000,14.619473,244.600000,BenignTraffic,Benign
5.500000,84.356590,38.500000,BenignTraffic,Benign
5.500000,0.765064,38.500000,CommandInjection,Web
5.500000,13.228549,38.500000,BenignTraffic,Benign
5.500000,20.853557,38.500000,DictionaryBruteForce,BruteForce
13.500000,1.941535,244.600000,Backdoor_Malware,Web
13.500000,86.287984,244.600000,BenignTraffic,Benign
9.500000,12.462139,141.550000,DDoS-ACK_Fragmentation,DDoS
5.500000,29.557849,38.500000,Recon-OSScan,Recon
13.500000,40.749717,244.600000,Recon-OSScan,Recon
13.500000,20.055258,244.600000,Recon-OSScan,Recon
9.500000,762.206144,141.550000,Mirai-udpplain,Mirai
13.500000,62.899785,244.600000,DNS_Spoofing,Spoofing
5.500000,5.589090,38.500000,XSS,Web
9.500000,0.429327,141.550000,DoS-TCP_Flood,DoS
9.500000,0.910488,141.550000,DDoS-SYN_Flood,DDoS
13.500000,108.760500,244.600000,Recon-HostDiscovery,Recon
9.500000,5.699738,141.550000,DDoS-ACK_Fragmentation,DDoS
9.500000,25122.099079,141.550000,DoS-UDP_Flood,DoS
9.500000,208.965730,141.550000,DDoS-SlowLoris,DDoS
9.500000,21.503899,141.550000,DDoS-SlowLoris,DDoS
5.500000,7.927513,38.500000,BenignTraffic,Benign
13.500000,17.915085,244.600000,BenignTraffic,Benign
9.500000,596.442537,141.550000,Mirai-udpplain,Mirai
13.500000,2.778883,244.600000,Recon-PingSweep,Recon
5.500000,4.079678,38.500000,DictionaryBruteForce,BruteForce
5.500000,1.526521,38.500000,DictionaryBruteForce,BruteForce
9.500000,15.332244,141.550000,DoS-UDP_Flood,DoS
9.500000,5.744777,141.550000,DDoS-ACK_Fragmentation,DDoS
9.500000,25.083720,141.550000,DDoS-TCP_Flood,DDoS
9.500000,9534.126447,141.550000,DDoS-UDP_Flood,DDoS
5.500000,7.938858,38.500000,BenignTraffic,Benign
9.500000,181.785857,141.550000,DDoS-UDP_Fragmentation,DDoS
13.500000,1.636558,244.600000,DictionaryBruteForce,BruteForce
13.500000,17.432522,244.600000,Recon-HostDiscovery,Recon
9.500000,267.157082,141.550000,DoS-SYN_Flood,DoS
9.500000,177.244084,141.550000,Mirai-greeth_flood,Mirai
9.500000,182993.294703,141.550000,DDoS-UDP_Flood,DDoS
13.500000,68.257469,244.600000,BenignTraffic,Benign
5.500000,639.229444,38.500000,Recon-PortScan,Recon
9.500000,131801.468653,141.550000,DoS-HTTP_Flood,DoS
9.500000,118.449447,141.550000,DDoS-UDP_Fragmentation,DDoS
5.500000,17.394547,38.500000,BenignTraffic,Benign
9.500000,31.779605,141.550000,DDoS-TCP_Flood,DDoS
9.500000,2.457532,141.550000,DDoS-RSTFINFlood,DDoS
9.500000,0.573400,141.550000,DDoS-SynonymousIP_Flood,DDoS
9.500000,18.277988,141.550000,DDoS-ICMP_Fragmentation,DDoS
9.500000,3069.981185,141.550000,Mirai-udpplain,Mirai
9.500000,34.456099,141.550000,Mirai-greeth_flood,Mirai
9.500000,10.543194,141.550000,Mirai-greip_flood,Mirai
9.500000,4.745729,141.550000,DDoS-TCP_Flood,DDoS
5.500000,13.126222,38.500000,BenignTraffic,Benign
13.500000,172.408028,244.600000,Backdoor_Malware,Web
5.500000,74.412150,38.500000,BenignTraffic,Benign
9.500000,2.570145,141.550000,DDoS-HTTP_Flood,DDoS
13.500000,9.798964,244.600000,MITM-ArpSpoofing,Spoofing
13.500000,126.339662,244.600000,BenignTraffic,Benign
9.044944,563.328335,130.438202,Mirai-udpplain,Mirai
9.500000,3.847178,141.550000,DDoS-TCP_Flood,DDoS
9.500000,296.975180,141.550000,DoS-HTTP_Flood,DoS
9.500000,14.673839,141.550000,DDoS-RSTFINFlood,DDoS
9.500000,1.674127,141.550000,DDoS-TCP_Flood,DDoS
13.500000,50.565953,244.600000,BenignTraffic,Benign
13.500000,86.058944,244.600000,MITM-ArpSpoofing,Spoofing
13.500000,2.109455,244.600000,DNS_Spoofing,Spoofing
5.500000,207.402262,38.500000,BenignTraffic,Benign
5.500000,476.281434,38.500000,BenignTraffic,Benign
13.500000,8.471532,244.600000,DNS_Spoofing,Spoofing
9.500000,1064.115478,141.550000,Mirai-udpplain,Mirai
5.500000,0.478056,38.500000,DNS_Spoofing,Spoofing
5.500000,8.987286,38.500000,BenignTraffic,Benign
5.500000,26.094149,38.500000,Recon-PingSweep,Recon
9.500000,10101.822483,141.550000,DoS-UDP_Flood,DoS
9.500000,18.823346,141.550000,DoS-HTTP_Flood,DoS
9.500000,41.720459,141.550000,VulnerabilityScan,Recon
5.500000,97.969039,38.500000,BenignTraffic,Benign
13.500000,543.629877,244.600000,MITM-ArpSpoofing,Spoofing
5.500000,122629.821113,38.500000,MITM-ArpSpoofing,Spoofing
13.500000,47.002519,244.600000,BrowserHijacking,Web
9.500000,5.228176,141.550000,DDoS-TCP_Flood,DDoS
13.500000,13.098688,244.600000,XSS,Web
13.500000,0.003127,244.600000,Recon-PingSweep,Recon
13.500000,2.262601,244.600000,DictionaryBruteForce,BruteForce
9.500000,353.232736,141.550000,Mirai-udpplain,Mirai
5.500000,0.248912,38.500000,DNS_Spoofing,Spoofing
9.500000,11427.437117,141.550000,DoS-UDP_Flood,DoS
13.500000,1.249652,244.600000,DictionaryBruteForce,BruteForce
9.500000,1332.464548,141.550000,Mirai-udpplain,Mirai
5.500000,207.452627,38.500000,BenignTraffic,Benign
5.500000,6.507837,38.500000,Backdoor_Malware,Web
5.500000,509.918368,38.500000,DictionaryBruteForce,BruteForce
13.500000,74.032982,244.600000,DictionaryBruteForce,BruteForce
9.500000,2.039381,141.550000,DoS-HTTP_Flood,DoS
13.500000,14.216117,244.600000,Recon-PingSweep,Recon
5.500000,0.560510,38.500000,MITM-ArpSpoofing,Spoofing
9.500000,19.036242,141.550000,DDoS-SYN_Flood,DDoS
5.500000,0.432650,38.500000,CommandInjection,Web
5.500000,8.452992,38.500000,BenignTraffic,Benign
9.500000,15.119567,141.550000,DDoS-ICMP_Flood,DDoS
9.500000,4262.143624,141.550000,DDoS-UDP_Flood,DDoS
13.500000,530.723851,244.600000,MITM-ArpSpoofing,Spoofing
9.500000,30.382116,141.550000,DoS-HTTP_Flood,DoS
13.500000,11.432399,244.600000,BenignTraffic,Benign
13.500000,31.198189,244.600000,BrowserHijacking,Web
5.500000,17.473037,38.500000,BenignTraffic,Benign
9.500000,0.868477,141.550000,DDoS-HTTP_Flood,DDoS
9.500000,211.800662,141.550000,DDoS-SlowLoris,DDoS
5.500000,74.174382,38.500000,DictionaryBruteForce,BruteForce
13.500000,38.715955,244.600000,MITM-ArpSpoofing,Spoofing
13.500000,1178.214350,244.600000,MITM-ArpSpoofing,Spoofing
9.500000,0.411509,141.550000,DoS-TCP_Flood,DoS
13.500000,15.865229,244.600000,Recon-HostDiscovery,Recon
13.500000,66.624098,244.600000,BenignTraffic,Benign
13.500000,96.137958,244.600000,DictionaryBruteForce,BruteForce
9.500000,26.880672,141.550000,VulnerabilityScan,Recon
5.500000,732.220481,38.500000,SqlInjection,Web
9.500000,29.291160,141.550000,DDoS-HTTP_Flood,DDoS
9.500000,30.713901,141.550000,DDoS-ICMP_Flood,DDoS
9.500000,46.263087,141.550000,DDoS-TCP_Flood,DDoS
13.500000,65.044803,244.600000,BenignTraffic,Benign
9.500000,11.804990,141.550000,DoS-HTTP_Flood,DoS
9.500000,3.586261,141.550000,Mirai-greeth_flood,Mirai
5.500000,60.757578,38.500000,MITM-ArpSpoofing,Spoofing
9.500000,25.610808,141.550000,VulnerabilityScan,Recon
9.500000,1.103446,141.550000,DDoS-HTTP_Flood,DDoS
13.500000,765.507051,244.600000,MITM-ArpSpoofing,Spoofing
5.500000,15.927475,38.500000,DNS_Spoofing,Spoofing
5.500000,32.183233,38.500000,Uploading_Attack,Web
5.500000,38.833746,38.500000,DictionaryBruteForce,BruteForce
13.500000,47.590959,244.600000,Recon-PortScan,Recon
9.500000,9.741226,141.550000,DDoS-ACK_Fragmentation,DDoS
9.500000,13885.459644,141.550000,DoS-UDP_Flood,DoS
9.500000,8.375221,141.550000,Mirai-greip_flood,Mirai
5.500000,85.637133,38.500000,BenignTraffic,Benign
13.500000,90.628060,244.600000,BenignTraffic,Benign
13.500000,14.389705,244.600000,BenignTraffic,Benign
9.500000,5.596232,141.550000,Mirai-greeth_flood,Mirai
13.500000,46.731835,244.600000,DNS_Spoofing,Spoofing
5.500000,70.117019,38.500000,DictionaryBruteForce,BruteForce
5.500000,3.467765,38.500000,SqlInjection,Web
9.500000,1288.806845,141.550000,Mirai-udpplain,Mirai
9.500000,2.285374,141.550000,Mirai-greeth_flood,Mirai
5.500000,21.925747,38.500000,Recon-PortScan,Recon
9.500000,0.400331,141.550000,DoS-TCP_Flood,DoS
9.500000,22.073119,141.550000,VulnerabilityScan,Recon
13.500000,803.615761,244.600000,BenignTraffic,Benign
5.500000,30.369242,38.500000,MITM-ArpSpoofing,Spoofing
5.500000,0.312417,38.500000,XSS,Web
9.500000,1389.068184,141.550000,Mirai-udpplain,Mirai
9.500000,3511.935328,141.550000,Mirai-udpplain,Mirai
5.500000,762.088814,38.500000,BenignTraffic,Benign
9.500000,3.084479,141.550000,DoS-UDP_Flood,DoS
5.500000,31.216277,38.500000,BrowserHijacking,Web
13.500000,4.884291,244.600000,DictionaryBruteForce,BruteForce
13.500000,26.485084,244.600000,Recon-PortScan,Recon
13.500000,2.189328,244.600000,DNS_Spoofing,Spoofing
9.500000,0.177111,141.550000,DoS-SYN_Flood,DoS
5.500000,90.406226,38.500000,BenignTraffic,Benign
13.500000,80.715728,244.600000,BenignTraffic,Benign
9.500000,22.232567,141.550000,DDoS-ICMP_Fragmentation,DDoS
13.500000,19.485439,244.600000,BenignTraffic,Benign
9.500000,23572.863672,141.550000,DDoS-SlowLoris,DDoS
5.500000,1065.126783,38.500000,CommandInjection,Web
5.500000,3.780262,38.500000,SqlInjection,Web
13.500000,0.543558,244.600000,DictionaryBruteForce,BruteForce
9.500000,9.854161,141.550000,VulnerabilityScan,Recon
9.500000,11.065151,141.550000,VulnerabilityScan,Recon
13.500000,23.269956,244.600000,BenignTraffic,Benign
9.500000,4798.541704,141.550000,DoS-SYN_Flood,DoS
9.500000,1.633380,141.550000,DDoS-PSHACK_Flood,DDoS
13.500000,127.150300,244.600000,BenignTraffic,Benign
13.500000,182.784777,244.600000,Recon-PortScan,Recon
9.500000,179.531471,141.550000,DDoS-PSHACK_Flood,DDoS
13.500000,76.966455,244.600000,BenignTraffic,Benign
13.500000,64531.344693,244.600000,Recon-HostDiscovery,Recon
9.500000,231.140814,141.550000,DDoS-UDP_Fragmentation,DDoS
13.500000,67.539430,244.600000,BenignTraffic,Benign
5.500000,67.493132,38.500000,BenignTraffic,Benign
5.500000,86.427717,38.500000,BenignTraffic,Benign
9.500000,28.057985,141.550000,DDoS-ACK_Fragmentation,DDoS
5.500000,31.497020,38.500000,XSS,Web
5.500000,756.589296,38.500000,MITM-ArpSpoofing,Spoofing
13.500000,24.724676,244.600000,BrowserHijacking,Web
9.500000,12.985582,141.550000,DoS-UDP_Flood,DoS
9.500000,102.848203,141.550000,Mirai-greeth_flood,Mirai
9.500000,20.038095,141.550000,Mirai-greeth_flood,Mirai
9.500000,24.252102,141.550000,DoS-SYN_Flood,DoS
9.500000,34.472699,141.550000,VulnerabilityScan,Recon
13.500000,82.206442,244.600000,CommandInjection,Web
5.500000,65.164115,38.500000,BenignTraffic,Benign
5.500000,86.043700,38.500000,BenignTraffic,Benign
9.500000,0.348787,141.550000,DoS-HTTP_Flood,DoS
9.500000,7.495342,141.550000,DDoS-ACK_Fragmentation,DDoS
5.500000,47.069070,38.500000,BenignTraffic,Benign
13.500000,5.263562,244.600000,DictionaryBruteForce,BruteForce
13.500000,200.617547,244.600000,BrowserHijacking,Web
9.500000,53.802451,141.550000,VulnerabilityScan,Recon
13.500000,22.040267,244.600000,Recon-HostDiscovery,Recon
13.500000,2309.679293,244.600000,MITM-ArpSpoofing,Spoofing
5.500000,86.770845,38.500000,SqlInjection,Web
5.500000,44.664923,38.500000,DictionaryBruteForce,BruteForce
5.500000,45.875111,38.500000,XSS,Web
9.500000,4.316283,141.550000,Mirai-greeth_flood,Mirai
5.500000,172.879674,38.500000,Recon-PortScan,Recon
13.500000,0.909262,244.600000,Backdoor_Malware,Web
5.500000,1884.123898,38.500000,BenignTraffic,Benign
9.500000,11715.000080,141.550000,DoS-UDP_Flood,DoS
9.500000,7.756884,141.550000,DoS-SYN_Flood,DoS
5.500000,0.305077,38.500000,DictionaryBruteForce,BruteForce
13.500000,253.432852,244.600000,MITM-ArpSpoofing,Spoofing
13.500000,262.172471,244.600000,MITM-ArpSpoofing,Spoofing
9.500000,44305.418629,141.550000,DoS-HTTP_Flood,DoS
9.500000,8.604557,141.550000,DDoS-RSTFINFlood,DDoS
5.500000,102.015678,38.500000,Recon-PortScan,Recon
9.500000,168.577963,141.550000,DDoS-PSHACK_Flood,DDoS
5.500000,69940.656450,38.500000,BenignTraffic,Benign
13.500000,41.651601,244.600000,BenignTraffic,Benign
5.500000,3479.353024,38.500000,BenignTraffic,Benign
9.500000,3.271087,141.550000,Mirai-greip_flood,Mirai
9.500000,12040.047066,141.550000,DDoS-SlowLoris,DDoS
9.500000,6.048332,141.550000,DoS-HTTP_Flood,DoS
9.500000,15.276262,141.550000,DoS-TCP_Flood,DoS
9.500000,0.319909,141.550000,DoS-SYN_Flood,DoS
9.500000,19.273964,141.550000,Mirai-greeth_flood,Mirai
5.500000,32.992167,38.500000,DictionaryBruteForce,BruteForce
5.500000,91.827534,38.500000,Recon-PortScan,Recon
5.500000,65.513303,38.500000,Recon-OSScan,Recon
9.500000,882.937642,141.550000,Mirai-udpplain,Mirai
13.500000,1.149798,244.600000,DNS_Spoofing,Spoofing
13.500000,0.211612,244.600000,Uploading_Attack,Web
5.500000,1.540586,38.500000,Uploading_Attack,Web
5.500000,38.743466,38.500000,Recon-OSScan,Recon
5.500000,23.272083,38.500000,Recon-PingSweep,Recon
5.500000,1.190455,38.500000,DictionaryBruteForce,BruteForce
9.500000,15871.931345,141.550000,DoS-UDP_Flood,DoS
9.500000,3.427662,141.550000,DoS-SYN_Flood,DoS
9.500000,6.500419,141.550000,Mirai-greeth_flood,Mirai
9.500000,1819.808307,141.550000,Mirai-udpplain,Mirai
5.500000,51.550357,38.500000,BenignTraffic,Benign
13.500000,5.225372,244.600000,DictionaryBruteForce,BruteForce
9.500000,9.752498,141.550000,DDoS-ICMP_Fragmentation,DDoS
9.500000,32172.144218,141.550000,DDoS-UDP_Flood,DDoS
9.500000,0.462636,141.550000,DDoS-HTTP_Flood,DDoS
9.500000,135.002184,141.550000,DDoS-SlowLoris,DDoS
13.500000,0.956647,244.600000,DNS_Spoofing,Spoofing
13.500000,32.384539,244.600000,DictionaryBruteForce,BruteForce
13.500000,200.963354,244.600000,BenignTraffic,Benign
5.500000,12.288469,38.500000,DictionaryBruteForce,BruteForce
9.500000,0.000000,141.550000,Mirai-greeth_flood,Mirai
9.500000,0.290143,141.550000,DoS-TCP_Flood,DoS
5.500000,43.786147,38.500000,BenignTraffic,Benign
13.500000,25.399695,244.600000,MITM-ArpSpoofing,Spoofing
13.500000,248.530107,244.600000,DictionaryBruteForce,BruteForce
5.500000,1043.862316,38.500000,BenignTraffic,Benign
5.500000,1678.793417,38.500000,MITM-ArpSpoofing,Spoofing
13.500000,17.791787,244.600000,Recon-HostDiscovery,Recon
9.500000,1060.189152,141.550000,DoS-SYN_Flood,DoS
9.500000,11.680191,141.550000,Mirai-greip_flood,Mirai
13.500000,43.871119,244.600000,Recon-OSScan,Recon
13.500000,141.327182,244.600000,DictionaryBruteForce,BruteForce
9.500000,214.073866,141.550000,DDoS-UDP_Fragmentation,DDoS
13.500000,2.593300,244.600000,DictionaryBruteForce,BruteForce
5.500000,30.903161,38.500000,Recon-PingSweep,Recon
5.500000,96.331306,38.500000,Recon-OSScan,Recon
13.500000,61.934752,244.600000,Recon-PortScan,Recon
5.500000,0.618245,38.500000,SqlInjection,Web
5.500000,1.924490,38.500000,DictionaryBruteForce,BruteForce
13.500000,64.162335,244.600000,BenignTraffic,Benign
13.500000,2.722415,244.600000,DictionaryBruteForce,BruteForce
5.500000,100.272137,38.500000,MITM-ArpSpoofing,Spoofing
9.500000,41953.904191,141.550000,VulnerabilityScan,Recon
9.500000,236.870332,141.550000,Mirai-udpplain,Mirai
13.500000,0.803182,244.600000,Backdoor_Malware,Web
13.500000,3.190167,244.600000,SqlInjection,Web
13.500000,13.427913,244.600000,SqlInjection,Web
5.500000,27.347130,38.500000,DNS_Spoofing,Spoofing
9.500000,11110.739073,141.550000,Mirai-greip_flood,Mirai
13.500000,14.308399,244.600000,Recon-PortScan,Recon
5.500000,491.740921,38.500000,BrowserHijacking,Web
5.500000,3.112296,38.500000,DictionaryBruteForce,BruteForce
9.500000,819.209431,141.550000,Mirai-udpplain,Mirai
9.500000,120.433231,141.550000,DDoS-UDP_Fragmentation,DDoS
9.500000,1825.965520,141.550000,Mirai-udpplain,Mirai
13.500000,0.736885,244.600000,XSS,Web
9.500000,2498.727839,141.550000,Mirai-udpplain,Mirai
9.500000,33.084929,141.550000,Mirai-greip_flood,Mirai
13.500000,72.874924,244.600000,DictionaryBruteForce,BruteForce
5.500000,0.019551,38.500000,DNS_Spoofing,Spoofing
5.500000,86.975926,38.500000,Backdoor_Malware,Web
13.500000,129.880448,244.600000,DictionaryBruteForce,BruteForce
13.500000,236.485621,244.600000,MITM-ArpSpoofing,Spoofing
5.500000,9.277360,38.500000,DNS_Spoofing,Spoofing
9.500000,2.671232,141.550000,Mirai-greip_flood,Mirai
9.500000,2.555562,141.550000,DoS-TCP_Flood,DoS
13.500000,2.826374,244.600000,DictionaryBruteForce,BruteForce
13.500000,40.785113,244.600000,DictionaryBruteForce,BruteForce
9.500000,3.857712,141.550000,Mirai-greeth_flood,Mirai
13.500000,6.993620,244.600000,Recon-HostDiscovery,Recon
9.500000,2.465535,141.550000,DoS-SYN_Flood,DoS
5.500000,9.023510,38.500000,Recon-PingSweep,Recon
9.500000,0.776573,141.550000,DDoS-SynonymousIP_Flood,DDoS
5.500000,0.372252,38.500000,CommandInjection,Web
9.500000,18047.749906,141.550000,DDoS-UDP_Flood,DDoS
13.500000,11.602573,244.600000,Recon-OSScan,Recon
9.500000,18277.488377,141.550000,DoS-UDP_Flood,DoS
5.500000,36.761552,38.500000,DictionaryBruteForce,BruteForce
9.500000,3.707367,141.550000,DDoS-HTTP_Flood,DDoS
9.500000,3.724718,141.550000,DoS-TCP_Flood,DoS
9.500000,4150.348347,141.550000,DDoS-SlowLoris,DDoS
9.500000,4.016913,141.550000,DoS-HTTP_Flood,DoS
13.500000,67.705587,244.600000,MITM-ArpSpoofing,Spoofing
9.500000,5.368452,141.550000,DoS-SYN_Flood,DoS
9.500000,51.924805,141.550000,Mirai-greeth_flood,Mirai
13.500000,59.954054,244.600000,BenignTraffic,Benign
13.500000,1.049394,244.600000,DictionaryBruteForce,BruteForce
13.500000,62.723509,244.600000,MITM-ArpSpoofing,Spoofing
9.500000,1.505063,141.550000,DDoS-ICMP_Fragmentation,DDoS
13.500000,256.876312,244.600000,DictionaryBruteForce,BruteForce
13.500000,26.943925,244.600000,MITM-ArpSpoofing,Spoofing
5.500000,32.132704,38.500000,SqlInjection,Web
5.500000,218.067251,38.500000,Recon-PortScan,Recon
13.500000,46.938272,244.600000,Recon-OSScan,Recon
9.500000,104761.364027,141.550000,DDoS-UDP_Flood,DDoS
9.500000,3303.744682,141.550000,DoS-UDP_Flood,DoS
5.500000,61.706586,38.500000,BenignTraffic,Benign
9.500000,2064.433241,141.550000,Mirai-udpplain,Mirai
5.500000,47.020996,38.500000,DNS_Spoofing,Spoofing
13.500000,84.862796,244.600000,DictionaryBruteForce,BruteForce
9.500000,8.496304,141.550000,DoS-UDP_Flood,DoS
9.500000,29.994880,141.550000,DDoS-PSHACK_Flood,DDoS
5.500000,41.599386,38.500000,DNS_Spoofing,Spoofing
5.500000,102.505108,38.500000,DNS_Spoofing,Spoofing
9.500000,1.870720,141.550000,DoS-HTTP_Flood,DoS
13.500000,55.074990,244.600000,Recon-OSScan,Recon
9.500000,331.353757,141.550000,Mirai-udpplain,Mirai
9.500000,0.398955,141.550000,DoS-TCP_Flood,DoS
5.500000,120.165913,38.500000,BenignTraffic,Benign
9.500000,16.580374,141.550000,Mirai-greeth_flood,Mirai
5.500000,11.925788,38.500000,DNS_Spoofing,Spoofing
5.500000,67.265271,38.500000,BenignTraffic,Benign
9.500000,46.670012,141.550000,DDoS-PSHACK_Flood,DDoS
5.500000,20.430607,38.500000,BenignTraffic,Benign
5.500000,383.695488,38.500000,Backdoor_Malware,Web
9.500000,155.387756,141.550000,Mirai-greip_flood,Mirai
9.500000,1.329347,141.550000,DDoS-ACK_Fragmentation,DDoS
13.500000,13.138866,244.600000,Recon-PingSweep,Recon
13.500000,13.728275,244.600000,BenignTraffic,Benign
9.500000,9.950492,141.550000,DDoS-RSTFINFlood,DDoS
9.500000,27.974119,141.550000,VulnerabilityScan,Recon
13.500000,16.214544,244.600000,DictionaryBruteForce,BruteForce
9.500000,12.431652,141.550000,DoS-TCP_Flood,DoS
5.500000,8.823071,38.500000,Uploading_Attack,Web
9.500000,2.781583,141.550000,Mirai-greeth_flood,Mirai
5.500000,23.543990,38.500000,SqlInjection,Web
9.500000,24348.498285,141.550000,DoS-UDP_Flood,DoS
9.500000,0.418140,141.550000,DoS-TCP_Flood,DoS
13.500000,14.261417,244.600000,BenignTraffic,Benign
9.500000,0.790994,141.550000,DDoS-RSTFINFlood,DDoS
5.500000,66.597405,38.500000,BenignTraffic,Benign
13.500000,81.334023,244.600000,DictionaryBruteForce,BruteForce
9.500000,21.155271,141.550000,VulnerabilityScan,Recon
9.500000,181.905696,141.550000,Mirai-greeth_flood,Mirai
9.500000,45.553226,141.550000,Mirai-greip_flood,Mirai
5.500000,38.723253,38.500000,SqlInjection,Web
5.500000,1.625839,38.500000,Recon-HostDiscovery,Recon
9.500000,65.991236,141.550000,Mirai-greeth_flood,Mirai
13.500000,6.262665,244.600000,BenignTraffic,Benign
5.500000,12.105870,38.500000,Recon-OSScan,Recon
9.500000,10046.960992,141.550000,DoS-UDP_Flood,DoS
5.500000,371.319788,38.500000,Recon-OSScan,Recon
5.500000,30.356589,38.500000,BenignTraffic,Benign
13.500000,20.055198,244.600000,SqlInjection,Web
9.500000,10.082017,141.550000,DDoS-ACK_Fragmentation,DDoS
9.500000,32.445932,141.550000,DDoS-HTTP_Flood,DDoS
5.500000,2.761058,38.500000,DictionaryBruteForce,BruteForce
9.500000,0.895163,141.550000,DDoS-HTTP_Flood,DDoS
13.500000,34.720758,244.600000,Recon-PingSweep,Recon
13.500000,12.553516,244.600000,BenignTraffic,Benign
9.500000,34.617894,141.550000,DoS-TCP_Flood,DoS
13.500000,42.950798,244.600000,Recon-PortScan,Recon
5.500000,173.650645,38.500000,BenignTraffic,Benign
9.500000,5338.589072,141.550000,DoS-UDP_Flood,DoS
9.500000,2.205651,141.550000,Mirai-greeth_flood,Mirai
5.500000,34.747745,38.500000,Recon-OSScan,Recon
5.500000,22.510522,38.500000,DNS_Spoofing,Spoofing
5.500000,125.233046,38.500000,BenignTraffic,Benign
9.500000,8.349856,141.550000,DoS-TCP_Flood,DoS
9.500000,25.963093,141.550000,DoS-SYN_Flood,DoS
13.500000,48.375440,244.600000,Recon-OSScan,Recon
9.500000,156.226986,141.550000,DDoS-ICMP_Flood,DDoS
13.500000,3126.901269,244.600000,DNS_Spoofing,Spoofing
9.500000,6.524788,141.550000,DoS-SYN_Flood,DoS
13.500000,13.794703,244.600000,SqlInjection,Web
5.500000,3088.162461,38.500000,BenignTraffic,Benign
13.500000,14.044393,244.600000,Uploading_Attack,Web
13.500000,8291.712296,244.600000,Backdoor_Malware,Web
13.500000,779.198986,244.600000,DNS_Spoofing,Spoofing
5.500000,703.500916,38.500000,MITM-ArpSpoofing,Spoofing
9.500000,1.999286,141.550000,Mirai-greeth_flood,Mirai
13.500000,343.278018,244.600000,MITM-ArpSpoofing,Spoofing
13.500000,5.548824,244.600000,Uploading_Attack,Web
9.500000,3.709591,141.550000,DoS-HTTP_Flood,DoS
9.500000,20.305639,141.550000,VulnerabilityScan,Recon
5.500000,601.979526,38.500000,MITM-ArpSpoofing,Spoofing
9.500000,0.339329,141.550000,DoS-SYN_Flood,DoS
9.500000,2.427883,141.550000,DDoS-TCP_Flood,DDoS
13.500000,58.858526,244.600000,BenignTraffic,Benign
13.500000,69.751038,244.600000,DictionaryBruteForce,BruteForce
5.500000,155.893171,38.500000,BenignTraffic,Benign
9.500000,81.094517,141.550000,Mirai-udpplain,Mirai
5.500000,0.497510,38.500000,DictionaryBruteForce,BruteForce
9.500000,55.897223,141.550000,DoS-UDP_Flood,DoS
5.500000,139.313786,38.500000,DictionaryBruteForce,BruteForce
13.500000,32.880013,244.600000,BrowserHijacking,Web
9.500000,3.592451,141.550000,DoS-SYN_Flood,DoS
9.500000,1.559456,141.550000,Mirai-greeth_flood,Mirai
13.500000,348.198520,244.600000,BrowserHijacking,Web
5.500000,31.338554,38.500000,BenignTraffic,Benign
13.500000,90008.302203,244.600000,Recon-HostDiscovery,Recon
9.500000,0.000000,141.550000,DDoS-SynonymousIP_Flood,DDoS
13.500000,2.521054,244.600000,DictionaryBruteForce,BruteForce
5.500000,15.315880,38.500000,CommandInjection,Web
5.500000,46.811487,38.500000,Uploading_Attack,Web
9.500000,365.382577,141.550000,DDoS-UDP_Fragmentation,DDoS
13.500000,15.016068,244.600000,Recon-PingSweep,Recon
13.500000,28.030641,244.600000,DictionaryBruteForce,BruteForce
9.500000,13.040956,141.550000,DDoS-ACK_Fragmentation,DDoS
9.500000,0.403379,141.550000,DDoS-RSTFINFlood,DDoS
13.500000,117.837869,244.600000,DictionaryBruteForce,BruteForce
13.500000,20.212612,244.600000,DictionaryBruteForce,BruteForce
9.500000,0.345005,141.550000,DoS-HTTP_Flood,DoS
13.500000,56.955338,244.600000,DictionaryBruteForce,BruteForce
5.500000,42.862477,38.500000,BenignTraffic,Benign
9.500000,4.432821,141.550000,DoS-TCP_Flood,DoS
5.500000,18.547619,38.500000,BenignTraffic,Benign
9.500000,2.004476,141.550000,Mirai-greip_flood,Mirai
13.500000,12.371133,244.600000,DictionaryBruteForce,BruteForce
13.500000,2.007164,244.600000,DictionaryBruteForce,BruteForce
13.500000,343.610537,244.600000,MITM-ArpSpoofing,Spoofing
9.500000,4.386771,141.550000,Mirai-greeth_flood,Mirai
5.500000,61.162407,38.500000,SqlInjection,Web
9.500000,35.851391,141.550000,Mirai-greip_flood,Mirai
9.500000,11649.459729,141.550000,DoS-UDP_Flood,DoS
5.500000,688.185851,38.500000,MITM-ArpSpoofing,Spoofing
9.500000,0.309073,141.550000,DoS-SYN_Flood,DoS
13.500000,1.041052,244.600000,BrowserHijacking,Web
13.500000,50.531409,244.600000,Recon-OSScan,Recon
5.500000,3143.514031,38.500000,DNS_Spoofing,Spoofing
5.500000,27.714564,38.500000,MITM-ArpSpoofing,Spoofing
9.500000,29.634325,141.550000,Mirai-greeth_flood,Mirai
9.500000,10.197638,141.550000,DDoS-ICMP_Fragmentation,DDoS
9.500000,1025.876119,141.550000,DDoS-UDP_Fragmentation,DDoS
9.500000,2478.502923,141.550000,Mirai-udpplain,Mirai
9.500000,75.344559,141.550000,DoS-HTTP_Flood,DoS
5.500000,176.333788,38.500000,DictionaryBruteForce,BruteForce
5.500000,5.006128,38.500000,Recon-PortScan,Recon
9.500000,0.392840,141.550000,DoS-TCP_Flood,DoS
5.500000,440.869527,38.500000,MITM-ArpSpoofing,Spoofing
5.500000,46.468958,38.500000,DictionaryBruteForce,BruteForce
9.500000,981.268887,141.550000,Mirai-udpplain,Mirai
5.500000,383.866600,38.500000,MITM-ArpSpoofing,Spoofing
9.500000,31.232833,141.550000,DDoS-PSHACK_Flood,DDoS
5.500000,68.440404,38.500000,BenignTraffic,Benign
13.500000,2977.417901,244.600000,MITM-ArpSpoofing,Spoofing
5.500000,69.757419,38.500000,XSS,Web
5.500000,12.374262,38.500000,CommandInjection,Web
5.500000,5.393611,38.500000,DictionaryBruteForce,BruteForce
5.500000,124.806510,38.500000,MITM-ArpSpoofing,Spoofing
9.500000,76.146531,141.550000,DDoS-SlowLoris,DDoS
5.500000,1246.279929,38.500000,BenignTraffic,Benign
9.500000,5145.216834,141.550000,DDoS-UDP_Flood,DDoS
9.500000,70.814442,141.550000,Mirai-greip_flood,Mirai
13.500000,313.002853,244.600000,BrowserHijacking,Web
13.500000,72.463877,244.600000,MITM-ArpSpoofing,Spoofing
5.500000,336.377511,38.500000,SqlInjection,Web
9.500000,0.407073,141.550000,DoS-HTTP_Flood,DoS
5.500000,0.470396,38.500000,Uploading_Attack,Web
5.500000,163.407735,38.500000,DictionaryBruteForce,BruteForce
9.500000,20056.291338,141.550000,DoS-UDP_Flood,DoS
9.500000,1.377404,141.550000,Mirai-greip_flood,Mirai
9.500000,9.555720,141.550000,DoS-HTTP_Flood,DoS
5.500000,87.462225,38.500000,SqlInjection,Web
13.500000,198.963384,244.600000,BenignTraffic,Benign
5.500000,54.314023,38.500000,BenignTraffic,Benign
9.500000,549.360998,141.550000,DDoS-UDP_Fragmentation,DDoS
13.500000,18.903430,244.600000,Uploading_Attack,Web
9.500000,39.843393,141.550000,Mirai-greeth_flood,Mirai
9.500000,75924.484612,141.550000,Mirai-greeth_flood,Mirai
13.500000,23.026743,244.600000,Recon-PingSweep,Recon
5.500000,12.003450,38.500000,Uploading_Attack,Web
5.500000,52.191936,38.500000,DictionaryBruteForce,BruteForce
5.500000,377.974094,38.500000,BrowserHijacking,Web
13.500000,88.375554,244.600000,BenignTraffic,Benign
5.500000,5.321878,38.500000,Recon-OSScan,Recon
13.500000,236.873984,244.600000,BenignTraffic,Benign
9.500000,26.385601,141.550000,Mirai-greeth_flood,Mirai
9.500000,0.326876,141.550000,DoS-UDP_Flood,DoS
13.500000,588.968475,244.600000,MITM-ArpSpoofing,Spoofing
13.500000,3.159711,244.600000,DNS_Spoofing,Spoofing
13.500000,65.121734,244.600000,DictionaryBruteForce,BruteForce
5.500000,32.450380,38.500000,Recon-HostDiscovery,Recon
5.500000,6.818209,38.500000,DictionaryBruteForce,BruteForce
5.500000,55.435735,38.500000,MITM-ArpSpoofing,Spoofing
5.500000,29.625982,38.500000,DictionaryBruteForce,BruteForce
13.500000,35.772373,244.600000,SqlInjection,Web
5.500000,51.040440,38.500000,DNS_Spoofing,Spoofing
13.500000,11.680941,244.600000,Recon-OSScan,Recon
9.500000,15.489111,141.550000,Mirai-greip_flood,Mirai
5.500000,59.313285,38.500000,BenignTraffic,Benign
9.500000,18.261035,141.550000,DDoS-TCP_Flood,DDoS
13.500000,209757.792930,244.600000,BenignTraffic,Benign
5.500000,106.945747,38.500000,DNS_Spoofing,Spoofing
9.500000,3.413214,141.550000,DoS-TCP_Flood,DoS
13.500000,70.458467,244.600000,BrowserHijacking,Web
5.500000,13.632114,38.500000,BenignTraffic,Benign
13.500000,26.123019,244.600000,DictionaryBruteForce,BruteForce
13.500000,11.443941,244.600000,BenignTraffic,Benign
13.500000,105.012330,244.600000,MITM-ArpSpoofing,Spoofing
9.500000,31.977494,141.550000,Mirai-greeth_flood,Mirai
9.500000,5234.746450,141.550000,DDoS-UDP_Flood,DDoS
13.500000,260.636030,244.600000,DictionaryBruteForce,BruteForce
5.500000,119.222901,38.500000,Recon-OSScan,Recon
5.500000,10.303373,38.500000,DictionaryBruteForce,BruteForce
9.500000,2473.877682,141.550000,DDoS-UDP_Flood,DDoS
13.500000,12.943764,244.600000,DictionaryBruteForce,BruteForce
9.500000,83.008089,141.550000,DoS-HTTP_Flood,DoS
9.500000,14885.330618,141.550000,DDoS-UDP_Flood,DDoS
9.500000,1.759902,141.550000,DoS-SYN_Flood,DoS
9.500000,212969.880607,141.550000,Mirai-greeth_flood,Mirai
9.500000,7.431663,141.550000,DDoS-ICMP_Flood,DDoS
9.500000,4.502071,141.550000,DDoS-ICMP_Fragmentation,DDoS
5.500000,108.088354,38.500000,DictionaryBruteForce,BruteForce
13.500000,88.794515,244.600000,Backdoor_Malware,Web
13.500000,52.080354,244.600000,BenignTraffic,Benign
5.500000,13.252469,38.500000,SqlInjection,Web
5.500000,219.715283,38.500000,DictionaryBruteForce,BruteForce
13.500000,66.409100,244.600000,DictionaryBruteForce,BruteForce
9.500000,12.819178,141.550000,Mirai-greeth_flood,Mirai
9.500000,23.149873,141.550000,DDoS-ICMP_Fragmentation,DDoS
13.500000,54.693134,244.600000,MITM-ArpSpoofing,Spoofing
5.500000,2184.101264,38.500000,MITM-ArpSpoofing,Spoofing
9.500000,85.212073,141.550000,DoS-HTTP_Flood,DoS
5.500000,39.073983,38.500000,DictionaryBruteForce,BruteForce
13.500000,89.182382,244.600000,DictionaryBruteForce,BruteForce
13.500000,24.109879,244.600000,BenignTraffic,Benign
9.500000,4.970490,141.550000,DoS-TCP_Flood,DoS
5.500000,54.980806,38.500000,DictionaryBruteForce,BruteForce
9.500000,0.000000,141.550000,Mirai-greeth_flood,Mirai
13.500000,14.769181,244.600000,Recon-HostDiscovery,Recon
13.500000,6.255137,244.600000,DNS_Spoofing,Spoofing
9.500000,930.196145,141.550000,Mirai-udpplain,Mirai
13.500000,2.048868,244.600000,Recon-HostDiscovery,Recon
5.500000,3.750725,38.500000,BrowserHijacking,Web
13.500000,0.181848,244.600000,DictionaryBruteForce,BruteForce
9.500000,0.387502,141.550000,DoS-TCP_Flood,DoS
9.500000,0.000000,141.550000,Mirai-greeth_flood,Mirai
13.500000,77.181766,244.600000,Recon-HostDiscovery,Recon
5.500000,237.353271,38.500000,BenignTraffic,Benign
9.500000,3.682758,141.550000,DoS-HTTP_Flood,DoS
9.500000,0.440550,141.550000,DoS-TCP_Flood,DoS
9.500000,0.409818,141.550000,DoS-TCP_Flood,DoS
9.500000,31.473292,141.550000,DDoS-SYN_Flood,DDoS
13.500000,10.203658,244.600000,DictionaryBruteForce,BruteForce
5.500000,46.974711,38.500000,DictionaryBruteForce,BruteForce
9.500000,21297.876724,141.550000,VulnerabilityScan,Recon
9.500000,1.178849,141.550000,DDoS-SynonymousIP_Flood,DDoS
5.500000,89.971436,38.500000,BenignTraffic,Benign
5.500000,5.631324,38.500000,DNS_Spoofing,Spoofing
13.500000,185.872606,244.600000,BenignTraffic,Benign
9.500000,695.402345,141.550000,Mirai-udpplain,Mirai
9.500000,18.725700,141.550000,Mirai-greip_flood,Mirai
5.500000,206.706457,38.500000,Uploading_Attack,Web
5.500000,2.139585,38.500000,Recon-HostDiscovery,Recon
13.500000,13.847662,244.600000,BenignTraffic,Benign
13.500000,21.431644,244.600000,CommandInjection,Web
5.500000,31.411045,38.500000,BenignTraffic,Benign
5.500000,3.291945,38.500000,DictionaryBruteForce,BruteForce
13.500000,33.885378,244.600000,Recon-PingSweep,Recon
5.500000,0.690846,38.500000,DNS_Spoofing,Spoofing
13.500000,22.926617,244.600000,Backdoor_Malware,Web
5.500000,2.916066,38.500000,DNS_Spoofing,Spoofing
13.500000,73.157010,244.600000,Recon-OSScan,Recon
9.500000,3.340568,141.550000,DoS-HTTP_Flood,DoS
9.500000,103500.123834,141.550000,DDoS-SlowLoris,DDoS
5.500000,9.563524,38.500000,BenignTraffic,Benign
13.500000,0.350804,244.600000,Backdoor_Malware,Web
9.500000,18.927535,141.550000,Mirai-greip_flood,Mirai
9.500000,14666.123260,141.550000,DoS-UDP_Flood,DoS
5.500000,3.104782,38.500000,DictionaryBruteForce,BruteForce
9.500000,3.274317,141.550000,DoS-SYN_Flood,DoS
5.500000,86.494565,38.500000,Recon-PingSweep,Recon
13.500000,17.711294,244.600000,Recon-HostDiscovery,Recon
9.500000,1.913678,141.550000,Mirai-greip_flood,Mirai
5.500000,11.072311,38.500000,DictionaryBruteForce,BruteForce
9.500000,2.912803,141.550000,DoS-UDP_Flood,DoS
5.500000,0.229601,38.500000,SqlInjection,Web
13.500000,98.988016,244.600000,BenignTraffic,Benign
13.500000,20.698165,244.600000,XSS,Web
13.500000,99.903440,244.600000,DictionaryBruteForce,BruteForce
5.500000,4.159847,38.500000,Recon-OSScan,Recon
13.500000,86.510467,244.600000,BenignTraffic,Benign
9.500000,115704.627682,141.550000,Mirai-udpplain,Mirai
13.500000,9.953420,244.600000,DNS_Spoofing,Spoofing
9.500000,29.898947,141.550000,Mirai-greip_flood,Mirai
9.500000,5.173566,141.550000,Mirai-greip_flood,Mirai
9.500000,27.305856,141.550000,Mirai-greip_flood,Mirai
5.500000,26.719062,38.500000,DNS_Spoofing,Spoofing
5.500000,84.799000,38.500000,Recon-PingSweep,Recon
5.500000,433.867006,38.500000,MITM-ArpSpoofing,Spoofing
5.500000,70.568840,38.500000,BenignTraffic,Benign
5.500000,1027.293717,38.500000,CommandInjection,Web
5.500000,64.540271,38.500000,Recon-PortScan,Recon
13.500000,30.080570,244.600000,DictionaryBruteForce,BruteForce
9.500000,0.499285,141.550000,DDoS-PSHACK_Flood,DDoS
13.500000,1.847424,244.600000,DictionaryBruteForce,BruteForce
5.500000,54.572477,38.500000,MITM-ArpSpoofing,Spoofing
5.500000,3549.387699,38.500000,DNS_Spoofing,Spoofing
9.500000,1483.811372,141.550000,DDoS-UDP_Flood,DDoS
5.500000,94.073960,38.500000,BenignTraffic,Benign
13.500000,47.998937,244.600000,BenignTraffic,Benign
9.500000,1.354829,141.550000,DoS-TCP_Flood,DoS
9.500000,0.937649,141.550000,DDoS-ICMP_Flood,DDoS
9.500000,0.000000,141.550000,DDoS-SynonymousIP_Flood,DDoS
5.500000,11.412841,38.500000,DictionaryBruteForce,BruteForce
5.500000,0.030176,38.500000,Backdoor_Malware,Web
9.500000,26.770481,141.550000,Mirai-greip_flood,Mirai
13.500000,40.968318,244.600000,Recon-PortScan,Recon
5.500000,3737.561346,38.500000,DNS_Spoofing,Spoofing
5.500000,28.787238,38.500000,BenignTraffic,Benign
9.500000,615.372611,141.550000,Mirai-udpplain,Mirai
9.500000,137.422564,141.550000,DoS-HTTP_Flood,DoS
13.500000,125.142010,244.600000,DictionaryBruteForce,BruteForce
9.500000,0.276119,141.550000,DoS-TCP_Flood,DoS
9.500000,228.801235,141.550000,VulnerabilityScan,Recon
9.500000,5.161995,141.550000,DDoS-SynonymousIP_Flood,DDoS
5.500000,0.350770,38.500000,DictionaryBruteForce,BruteForce
13.500000,23.914582,244.600000,XSS,Web
13.500000,40.963156,244.600000,SqlInjection,Web
9.500000,32.425380,141.550000,Mirai-greeth_flood,Mirai
9.500000,12.124935,141.550000,DDoS-PSHACK_Flood,DDoS
9.500000,64.289459,141.550000,DoS-HTTP_Flood,DoS
5.500000,14.691003,38.500000,DNS_Spoofing,Spoofing
9.500000,44.385344,141.550000,Mirai-greeth_flood,Mirai
9.500000,3.571945,141.550000,Mirai-greip_flood,Mirai
13.500000,141.924688,244.600000,DictionaryBruteForce,BruteForce
5.500000,4.932444,38.500000,BenignTraffic,Benign
5.500000,14.138322,38.500000,Recon-OSScan,Recon
9.500000,0.769216,141.550000,DDoS-PSHACK_Flood,DDoS
13.500000,267.767109,244.600000,Recon-PortScan,Recon
13.500000,49.782418,244.600000,BenignTraffic,Benign
9.500000,1490.373729,141.550000,Mirai-udpplain,Mirai
9.500000,0.000000,141.550000,Mirai-greip_flood,Mirai
13.500000,0.150457,244.600000,Backdoor_Malware,Web
5.500000,0.371388,38.500000,DictionaryBruteForce,BruteForce
5.500000,26.695681,38.500000,DictionaryBruteForce,BruteForce
13.500000,10.962866,244.600000,BenignTraffic,Benign
9.500000,28840.541670,141.550000,DoS-UDP_Flood,DoS
9.500000,3.588622,141.550000,DoS-SYN_Flood,DoS
13.500000,0.501480,244.600000,DNS_Spoofing,Spoofing
9.500000,2.499757,141.550000,Mirai-greeth_flood,Mirai
9.500000,2.068481,141.550000,DDoS-HTTP_Flood,DDoS
13.500000,8.261614,244.600000,Backdoor_Malware,Web
9.500000,2.015442,141.550000,DDoS-HTTP_Flood,DDoS
9.500000,1.509038,141.550000,DoS-TCP_Flood,DoS
13.500000,645.745063,244.600000,MITM-ArpSpoofing,Spoofing
5.500000,20.054381,38.500000,Recon-PingSweep,Recon
5.500000,70.232643,38.500000,DictionaryBruteForce,BruteForce
5.500000,4.379466,38.500000,DictionaryBruteForce,BruteForce
13.500000,62.883825,244.600000,BenignTraffic,Benign
13.500000,66.292568,244.600000,BenignTraffic,Benign
13.500000,68.992664,244.600000,MITM-ArpSpoofing,Spoofing
13.500000,807.510596,244.600000,DNS_Spoofing,Spoofing
9.500000,0.000000,141.550000,Mirai-greip_flood,Mirai
5.500000,63.672478,38.500000,DictionaryBruteForce,BruteForce
13.500000,17.945760,244.600000,Uploading_Attack,Web
13.500000,33.045882,244.600000,BenignTraffic,Benign
9.500000,29.774359,141.550000,VulnerabilityScan,Recon
5.500000,2.912136,38.500000,Recon-HostDiscovery,Recon
9.500000,25.277365,141.550000,VulnerabilityScan,Recon
9.500000,170.369018,141.550000,DoS-HTTP_Flood,DoS
5.500000,69905.611630,38.500000,BrowserHijacking,Web
9.500000,1.613178,141.550000,Mirai-greip_flood,Mirai
9.500000,1.334515,141.550000,DDoS-TCP_Flood,DDoS
13.500000,74.194045,244.600000,Recon-OSScan,Recon
9.500000,25.994624,141.550000,DoS-SYN_Flood,DoS
9.500000,3.989473,141.550000,DoS-SYN_Flood,DoS
9.500000,15925.878001,141.550000,DoS-UDP_Flood,DoS
5.500000,23.426365,38.500000,DNS_Spoofing,Spoofing
5.500000,81.489714,38.500000,BenignTraffic,Benign
13.500000,1413.627764,244.600000,MITM-ArpSpoofing,Spoofing
5.500000,0.201324,38.500000,XSS,Web
9.500000,7.454596,141.550000,VulnerabilityScan,Recon
5.500000,1063.919562,38.500000,MITM-ArpSpoofing,Spoofing
9.500000,15.087167,141.550000,Mirai-greip_flood,Mirai
13.500000,89.891528,244.600000,BenignTraffic,Benign
13.500000,573909.076690,244.600000,MITM-ArpSpoofing,Spoofing
5.500000,68.745172,38.500000,BenignTraffic,Benign
13.500000,13.672441,244.600000,BenignTraffic,Benign
9.500000,0.420414,141.550000,DoS-TCP_Flood,DoS
5.500000,41.530616,38.500000,Recon-PingSweep,Recon
5.500000,113.732396,38.500000,BrowserHijacking,Web
9.500000,75073.173983,141.550000,DDoS-UDP_Flood,DDoS
13.500000,82.911171,244.600000,BenignTraffic,Benign
5.500000,2.249277,38.500000,DictionaryBruteForce,BruteForce
9.500000,2.072431,141.550000,Mirai-greeth_flood,Mirai
13.500000,68.575826,244.600000,SqlInjection,Web
13.500000,3.200611,244.600000,DictionaryBruteForce,BruteForce
5.500000,5.176333,38.500000,DictionaryBruteForce,BruteForce
5.500000,133.265228,38.500000,BrowserHijacking,Web
13.500000,1.198555,244.600000,DictionaryBruteForce,BruteForce
5.500000,85.671783,38.500000,DictionaryBruteForce,BruteForce
13.500000,7.376865,244.600000,Recon-PingSweep,Recon
13.500000,26.785528,244.600000,BenignTraffic,Benign
9.500000,41.396855,141.550000,Mirai-greip_flood,Mirai
9.500000,31.733600,141.550000,Mirai-greip_flood,Mirai
9.500000,2.963694,141.550000,DoS-TCP_Flood,DoS
9.500000,59.972751,141.550000,VulnerabilityScan,Recon
5.500000,572.395762,38.500000,DictionaryBruteForce,BruteForce
9.500000,0.220825,141.550000,DoS-TCP_Flood,DoS
5.500000,12.132579,38.500000,DictionaryBruteForce,BruteForce
9.500000,3897.466325,141.550000,Mirai-udpplain,Mirai
9.500000,24.488578,141.550000,DDoS-ICMP_Fragmentation,DDoS
9.500000,125.985342,141.550000,DoS-UDP_Flood,DoS
9.500000,9.030933,141.550000,Mirai-greip_flood,Mirai
13.500000,4.538585,244.600000,DictionaryBruteForce,BruteForce
9.500000,1771.676889,141.550000,Mirai-udpplain,Mirai
13.500000,0.143281,244.600000,Backdoor_Malware,Web
9.500000,1909.562198,141.550000,DoS-HTTP_Flood,DoS
9.500000,0.482544,141.550000,DoS-TCP_Flood,DoS
5.500000,2.387374,38.500000,DictionaryBruteForce,BruteForce
13.500000,32.667447,244.600000,DictionaryBruteForce,BruteForce
13.500000,97.888798,244.600000,Uploading_Attack,Web
9.500000,44.368675,141.550000,Mirai-greip_flood,Mirai
5.500000,33.023745,38.500000,SqlInjection,Web
9.500000,3.079285,141.550000,DDoS-ACK_Fragmentation,DDoS
9.500000,17.749986,141.550000,DDoS-ICMP_Flood,DDoS
13.500000,35.984309,244.600000,BenignTraffic,Benign
9.500000,0.000000,141.550000,DDoS-PSHACK_Flood,DDoS
5.500000,106.238893,38.500000,DictionaryBruteForce,BruteForce
5.500000,47.659231,38.500000,Uploading_Attack,Web
13.500000,4.185123,244.600000,DictionaryBruteForce,BruteForce
9.500000,0.331105,141.550000,Mirai-greip_flood,Mirai
9.500000,8.673493,141.550000,Mirai-greeth_flood,Mirai
9.500000,3.212822,141.550000,DDoS-ICMP_Flood,DDoS
5.500000,19.457468,38.500000,Backdoor_Malware,Web
9.500000,0.366882,141.550000,DoS-SYN_Flood,DoS
9.500000,45.382581,141.550000,DDoS-SYN_Flood,DDoS
9.500000,11.175708,141.550000,DDoS-ICMP_Fragmentation,DDoS
9.500000,11033.681637,141.550000,DoS-UDP_Flood,DoS
9.500000,1.741206,141.550000,DDoS-SynonymousIP_Flood,DDoS
13.500000,85.851975,244.600000,BrowserHijacking,Web
5.500000,27.506532,38.500000,Recon-PingSweep,Recon
9.500000,2311.680126,141.550000,Mirai-udpplain,Mirai
13.500000,49.642481,244.600000,Recon-PortScan,Recon
9.500000,245.630181,141.550000,VulnerabilityScan,Recon
9.500000,1.627016,141.550000,DDoS-HTTP_Flood,DDoS
13.500000,0.759705,244.600000,XSS,Web
5.500000,43.605255,38.500000,Recon-OSScan,Recon
9.500000,6.608832,141.550000,Mirai-greeth_flood,Mirai
5.500000,6.801239,38.500000,Backdoor_Malware,Web
9.500000,2.009396,141.550000,DoS-SYN_Flood,DoS
5.500000,60.094822,38.500000,DNS_Spoofing,Spoofing
9.500000,3282.221136,141.550000,Mirai-udpplain,Mirai
9.500000,239.337320,141.550000,DDoS-UDP_Fragmentation,DDoS
13.500000,8.340031,244.600000,DNS_Spoofing,Spoofing
9.500000,1195.779808,141.550000,Mirai-udpplain,Mirai
13.500000,0.180927,244.600000,Recon-HostDiscovery,Recon
9.500000,13.870910,141.550000,VulnerabilityScan,Recon
9.500000,0.324215,141.550000,DoS-HTTP_Flood,DoS
5.500000,46.241895,38.500000,Recon-PingSweep,Recon
9.500000,17.942777,141.550000,DDoS-RSTFINFlood,DDoS
5.500000,0.237164,38.500000,CommandInjection,Web
13.500000,2.410002,244.600000,Recon-OSScan,Recon
9.500000,1.801471,141.550000,DoS-SYN_Flood,DoS
13.500000,79.645100,244.600000,DictionaryBruteForce,BruteForce
13.500000,61.898301,244.600000,DictionaryBruteForce,BruteForce
5.500000,50.100286,38.500000,DNS_Spoofing,Spoofing
13.500000,156.997285,244.600000,DictionaryBruteForce,BruteForce
13.500000,97.162127,244.600000,DNS_Spoofing,Spoofing
9.500000,39.064749,141.550000,DoS-TCP_Flood,DoS
9.500000,40984.867956,141.550000,DDoS-UDP_Fragmentation,DDoS
9.500000,3.171827,141.550000,DDoS-PSHACK_Flood,DDoS
5.500000,24.322087,38.500000,XSS,Web
13.500000,8.830776,244.600000,BenignTraffic,Benign
13.500000,1.651893,244.600000,BrowserHijacking,Web
13.500000,71.834784,244.600000,BenignTraffic,Benign
13.500000,3.673762,244.600000,XSS,Web
9.500000,702.791183,141.550000,VulnerabilityScan,Recon
13.500000,22.525113,244.600000,CommandInjection,Web
5.500000,28.525227,38.500000,BrowserHijacking,Web
13.500000,86.863016,244.600000,DictionaryBruteForce,BruteForce
9.500000,10.279363,141.550000,Mirai-greip_flood,Mirai
5.500000,87.438659,38.500000,DNS_Spoofing,Spoofing
9.500000,2.235158,141.550000,DDoS-HTTP_Flood,DDoS
9.500000,25.736877,141.550000,VulnerabilityScan,Recon
13.500000,51.172235,244.600000,XSS,Web
9.500000,0.000000,141.550000,Mirai-greip_flood,Mirai
9.500000,9.540705,141.550000,Mirai-greip_flood,Mirai
5.500000,50.750865,38.500000,DictionaryBruteForce,BruteForce
9.500000,62.588007,141.550000,Mirai-greip_flood,Mirai
5.500000,94.147849,38.500000,Uploading_Attack,Web
5.500000,86.966081,38.500000,Backdoor_Malware,Web
13.500000,184.261456,244.600000,DictionaryBruteForce,BruteForce
9.500000,0.419609,141.550000,DDoS-HTTP_Flood,DDoS
5.500000,26.149108,38.500000,BenignTraffic,Benign
13.500000,54.347016,244.600000,DNS_Spoofing,Spoofing
9.500000,1131.745284,141.550000,Mirai-udpplain,Mirai
9.500000,8.206052,141.550000,VulnerabilityScan,Recon
13.500000,13.529115,244.600000,DNS_Spoofing,Spoofing
13.500000,59.212771,244.600000,SqlInjection,Web
9.500000,42.157029,141.550000,DoS-HTTP_Flood,DoS
13.500000,627.276431,244.600000,CommandInjection,Web
5.500000,85.318027,38.500000,BenignTraffic,Benign
9.500000,2.172605,141.550000,DoS-HTTP_Flood,DoS
5.500000,4.372608,38.500000,DictionaryBruteForce,BruteForce
13.500000,10.509210,244.600000,CommandInjection,Web
13.500000,1.267610,244.600000,DNS_Spoofing,Spoofing
13.500000,39.048437,244.600000,DNS_Spoofing,Spoofing
13.500000,0.686253,244.600000,DictionaryBruteForce,BruteForce
13.500000,0.242219,244.600000,Backdoor_Malware,Web
9.500000,6.127602,141.550000,Mirai-greeth_flood,Mirai
9.500000,0.503228,141.550000,DoS-TCP_Flood,DoS
5.500000,0.629119,38.500000,Backdoor_Malware,Web
13.500000,13.745648,244.600000,Recon-OSScan,Recon
9.500000,24.403714,141.550000,DDoS-SlowLoris,DDoS
5.500000,27.890964,38.500000,BenignTraffic,Benign
9.500000,0.435076,141.550000,DoS-TCP_Flood,DoS
5.500000,27.597136,38.500000,DictionaryBruteForce,BruteForce
5.500000,20.897564,38.500000,BenignTraffic,Benign
5.500000,132.246422,38.500000,DictionaryBruteForce,BruteForce
13.500000,54.313263,244.600000,BenignTraffic,Benign
9.500000,9.996006,141.550000,DDoS-RSTFINFlood,DDoS
13.500000,2.886491,244.600000,DictionaryBruteForce,BruteForce
5.500000,70.824035,38.500000,DNS_Spoofing,Spoofing
9.500000,25.335419,141.550000,DoS-SYN_Flood,DoS
13.500000,75.713614,244.600000,BenignTraffic,Benign
13.500000,48.696645,244.600000,Recon-PortScan,Recon
9.500000,2.045996,141.550000,DDoS-ACK_Fragmentation,DDoS
13.500000,2.648645,244.600000,Recon-PortScan,Recon
9.500000,8.909045,141.550000,Mirai-greip_flood,Mirai
13.500000,2.205037,244.600000,BrowserHijacking,Web
9.500000,1.282677,141.550000,DoS-SYN_Flood,DoS
13.500000,59.310203,244.600000,BenignTraffic,Benign
9.500000,0.743764,141.550000,Mirai-greip_flood,Mirai
13.500000,0.113538,244.600000,XSS,Web
9.500000,1.000192,141.550000,DoS-TCP_Flood,DoS
13.500000,58.348654,244.600000,MITM-ArpSpoofing,Spoofing
9.500000,2.080887,141.550000,DDoS-PSHACK_Flood,DDoS
13.500000,1.359634,244.600000,XSS,Web
13.500000,3033.880116,244.600000,BenignTraffic,Benign
13.500000,40.382779,244.600000,BenignTraffic,Benign
9.500000,116.529708,141.550000,DDoS-UDP_Fragmentation,DDoS
9.500000,437.571882,141.550000,DDoS-UDP_Fragmentation,DDoS
9.500000,240.643966,141.550000,Mirai-greeth_flood,Mirai
9.500000,45.868137,141.550000,DDoS-HTTP_Flood,DDoS
13.500000,163.778969,244.600000,MITM-ArpSpoofing,Spoofing
5.500000,86.626436,38.500000,BenignTraffic,Benign
9.500000,3237.939701,141.550000,DoS-UDP_Flood,DoS
13.500000,102.049414,244.600000,Recon-HostDiscovery,Recon
9.500000,0.326608,141.550000,DoS-SYN_Flood,DoS
13.500000,11.035277,244.600000,DictionaryBruteForce,BruteForce
5.500000,677.304109,38.500000,BenignTraffic,Benign
5.500000,130.907023,38.500000,BrowserHijacking,Web
5.500000,51.114680,38.500000,BenignTraffic,Benign
9.500000,24743.866566,141.550000,DDoS-HTTP_Flood,DDoS
13.500000,2.594461,244.600000,BenignTraffic,Benign
5.500000,60.143349,38.500000,BenignTraffic,Benign
5.500000,9.791443,38.500000,Recon-HostDiscovery,Recon
9.500000,209.335779,141.550000,DDoS-SYN_Flood,DDoS
9.500000,10.040440,141.550000,DDoS-TCP_Flood,DDoS
13.500000,9.324899,244.600000,SqlInjection,Web
9.500000,15.195377,141.550000,Mirai-greip_flood,Mirai
13.500000,48.511302,244.600000,DictionaryBruteForce,BruteForce
5.500000,5.225858,38.500000,DictionaryBruteForce,BruteForce
13.500000,2689.640625,244.600000,Uploading_Attack,Web
5.500000,0.085816,38.500000,SqlInjection,Web
9.500000,9230.269516,141.550000,DDoS-UDP_Flood,DDoS
5.500000,17.640174,38.500000,MITM-ArpSpoofing,Spoofing
13.500000,7.613505,244.600000,DNS_Spoofing,Spoofing
13.500000,16.781469,244.600000,Recon-OSScan,Recon
13.500000,432.809340,244.600000,MITM-ArpSpoofing,Spoofing
13.500000,32.890623,244.600000,BrowserHijacking,Web
5.500000,8.912726,38.500000,Recon-OSScan,Recon
9.500000,0.494904,141.550000,DoS-SYN_Flood,DoS
9.500000,83.914424,141.550000,DDoS-TCP_Flood,DDoS
13.500000,165.111153,244.600000,CommandInjection,Web
9.500000,1756.358377,141.550000,Mirai-udpplain,Mirai
13.500000,6.506562,244.600000,DictionaryBruteForce,BruteForce
9.500000,4967.459281,141.550000,Mirai-udpplain,Mirai
5.500000,0.264963,38.500000,CommandInjection,Web
9.500000,0.438250,141.550000,DoS-SYN_Flood,DoS
9.500000,455.293216,141.550000,Mirai-udpplain,Mirai
9.500000,2480.830787,141.550000,Mirai-udpplain,Mirai
5.500000,57.879148,38.500000,BenignTraffic,Benign
13.500000,2.501445,244.600000,DictionaryBruteForce,BruteForce
5.500000,68.777436,38.500000,Recon-OSScan,Recon
5.500000,4.908965,38.500000,DictionaryBruteForce,BruteForce
13.500000,21.555963,244.600000,Recon-HostDiscovery,Recon
13.500000,22.680241,244.600000,BenignTraffic,Benign
5.500000,0.849885,38.500000,DictionaryBruteForce,BruteForce
9.500000,551.670594,141.550000,Mirai-udpplain,Mirai
9.500000,4.920604,141.550000,DoS-HTTP_Flood,DoS
9.500000,0.481864,141.550000,DoS-TCP_Flood,DoS
13.500000,1068.015088,244.600000,CommandInjection,Web
9.500000,18.217206,141.550000,DDoS-TCP_Flood,DDoS
9.500000,6.470050,141.550000,Mirai-greip_flood,Mirai
13.500000,104868.085006,244.600000,BenignTraffic,Benign
5.500000,31.739652,38.500000,Recon-PingSweep,Recon
15.000000,62.331782,231.666667,DictionaryBruteForce,BruteForce
5.500000,58.633645,38.500000,DictionaryBruteForce,BruteForce
13.500000,12.724554,244.600000,DNS_Spoofing,Spoofing
9.500000,2.550912,141.550000,DoS-UDP_Flood,DoS
13.500000,2977.143201,244.600000,BenignTraffic,Benign
9.500000,0.473341,141.550000,DoS-HTTP_Flood,DoS
9.500000,1.774119,141.550000,DoS-TCP_Flood,DoS
5.500000,63.927763,38.500000,DNS_Spoofing,Spoofing
9.500000,80.614734,141.550000,DoS-UDP_Flood,DoS
5.500000,86.293160,38.500000,DictionaryBruteForce,BruteForce
9.500000,14.122379,141.550000,Mirai-greeth_flood,Mirai
13.500000,48.739004,244.600000,MITM-ArpSpoofing,Spoofing
5.500000,17.527121,38.500000,XSS,Web
9.500000,3790.830926,141.550000,DDoS-UDP_Flood,DDoS
9.500000,2234.065566,141.550000,DoS-UDP_Flood,DoS
5.500000,19.110970,38.500000,XSS,Web
9.500000,2862.695620,141.550000,Mirai-udpplain,Mirai
5.500000,20.607454,38.500000,BenignTraffic,Benign
5.500000,99.602995,38.500000,XSS,Web
13.500000,0.760192,244.600000,DictionaryBruteForce,BruteForce
13.500000,141.327182,244.600000,DictionaryBruteForce,BruteForce
13.500000,43.706488,244.600000,BenignTraffic,Benign
13.500000,1285.884003,244.600000,MITM-ArpSpoofing,Spoofing
5.500000,209755.076122,38.500000,BenignTraffic,Benign
9.500000,26.853322,141.550000,DoS-SYN_Flood,DoS
9.500000,165.673425,141.550000,Mirai-udpplain,Mirai
9.500000,22.948114,141.550000,VulnerabilityScan,Recon
9.500000,2216.977803,141.550000,Mirai-udpplain,Mirai
5.500000,92.008329,38.500000,BenignTraffic,Benign
5.500000,744.565586,38.500000,MITM-ArpSpoofing,Spoofing
13.500000,75.003543,244.600000,DNS_Spoofing,Spoofing
5.500000,0.117698,38.500000,Recon-OSScan,Recon
13.500000,0.242887,244.600000,DNS_Spoofing,Spoofing
13.500000,0.314825,244.600000,DictionaryBruteForce,BruteForce
9.500000,92.083339,141.550000,DDoS-RSTFINFlood,DDoS
13.500000,1.846218,244.600000,Recon-PingSweep,Recon
13.500000,0.867482,244.600000,Uploading_Attack,Web
13.500000,60.842130,244.600000,DNS_Spoofing,Spoofing
13.500000,16.130538,244.600000,BenignTraffic,Benign
9.500000,0.734295,141.550000,DDoS-SynonymousIP_Flood,DDoS
9.500000,18.277999,141.550000,DoS-HTTP_Flood,DoS
13.500000,17.878802,244.600000,BenignTraffic,Benign
9.500000,1.125163,141.550000,DDoS-RSTFINFlood,DDoS
5.500000,314.115185,38.500000,BenignTraffic,Benign
9.500000,1.305181,141.550000,DDoS-PSHACK_Flood,DDoS
5.500000,19.896341,38.500000,BenignTraffic,Benign
9.500000,124.813650,141.550000,VulnerabilityScan,Recon
5.500000,4.778728,38.500000,SqlInjection,Web
5.500000,529.922715,38.500000,MITM-ArpSpoofing,Spoofing
5.500000,246.368088,38.500000,BenignTraffic,Benign
9.500000,0.000000,141.550000,DDoS-ICMP_Flood,DDoS
5.500000,952.181563,38.500000,MITM-ArpSpoofing,Spoofing
13.500000,0.299641,244.600000,XSS,Web
5.500000,140.539768,38.500000,DictionaryBruteForce,BruteForce
9.500000,13.948750,141.550000,DoS-UDP_Flood,DoS
13.500000,267.973665,244.600000,MITM-ArpSpoofing,Spoofing
13.500000,87.896710,244.600000,BenignTraffic,Benign
9.500000,19.270101,141.550000,DoS-HTTP_Flood,DoS
9.500000,30.323302,141.550000,Mirai-greip_flood,Mirai
9.500000,4.755681,141.550000,Mirai-greip_flood,Mirai
9.500000,66.469165,141.550000,Mirai-greeth_flood,Mirai
9.500000,0.434262,141.550000,DoS-TCP_Flood,DoS
13.500000,4.155821,244.600000,DictionaryBruteForce,BruteForce
13.500000,1.904640,244.600000,BrowserHijacking,Web
13.500000,56.858682,244.600000,BenignTraffic,Benign
5.500000,61.615166,38.500000,DictionaryBruteForce,BruteForce
13.500000,101.159108,244.600000,BenignTraffic,Benign
9.500000,29.906532,141.550000,Mirai-greip_flood,Mirai
9.500000,953.652183,141.550000,DoS-HTTP_Flood,DoS
5.500000,7.558811,38.500000,DictionaryBruteForce,BruteForce
9.500000,13.914503,141.550000,Mirai-greeth_flood,Mirai
9.500000,11.271727,141.550000,Mirai-greeth_flood,Mirai
9.500000,2.034794,141.550000,DoS-UDP_Flood,DoS
5.500000,22.028995,38.500000,Recon-HostDiscovery,Recon
5.500000,82.021550,38.500000,BenignTraffic,Benign
9.500000,74.947488,141.550000,DDoS-TCP_Flood,DDoS
9.500000,3.471834,141.550000,Mirai-greip_flood,Mirai
13.500000,70.799140,244.600000,MITM-ArpSpoofing,Spoofing
9.500000,76.738201,141.550000,VulnerabilityScan,Recon
9.500000,530.724293,141.550000,Mirai-udpplain,Mirai
9.500000,24.149608,141.550000,Mirai-greeth_flood,Mirai
13.500000,16.742667,244.600000,Recon-HostDiscovery,Recon
9.500000,0.352121,141.550000,DoS-SYN_Flood,DoS
13.500000,33.611655,244.600000,SqlInjection,Web
9.500000,340.781721,141.550000,DDoS-UDP_Fragmentation,DDoS
13.500000,31.709173,244.600000,Uploading_Attack,Web
5.500000,40.886485,38.500000,BenignTraffic,Benign
13.500000,14.184658,244.600000,BenignTraffic,Benign
13.500000,5.851079,244.600000,Recon-HostDiscovery,Recon
5.500000,0.237164,38.500000,XSS,Web
9.500000,23.262129,141.550000,VulnerabilityScan,Recon
9.500000,0.469653,141.550000,DoS-TCP_Flood,DoS
9.500000,33.448669,141.550000,Mirai-greeth_flood,Mirai
9.500000,1291.508936,141.550000,Mirai-udpplain,Mirai
5.500000,300.294353,38.500000,MITM-ArpSpoofing,Spoofing
13.500000,0.350341,244.600000,CommandInjection,Web
13.500000,1.351514,244.600000,DNS_Spoofing,Spoofing
9.500000,8473.341414,141.550000,Mirai-greeth_flood,Mirai
9.500000,0.000000,141.550000,Mirai-greip_flood,Mirai
13.500000,399.706175,244.600000,Recon-PortScan,Recon
13.500000,2.100275,244.600000,SqlInjection,Web
9.500000,10093.168639,141.550000,DoS-UDP_Flood,DoS
13.500000,20.222481,244.600000,CommandInjection,Web
13.500000,9.154107,244.600000,DNS_Spoofing,Spoofing
9.500000,303.813987,141.550000,DoS-TCP_Flood,DoS
13.500000,58.963374,244.600000,MITM-ArpSpoofing,Spoofing
5.500000,2.788540,38.500000,DictionaryBruteForce,BruteForce
13.500000,61.131669,244.600000,BenignTraffic,Benign
9.500000,42.710331,141.550000,DDoS-ICMP_Flood,DDoS
5.500000,15.498974,38.500000,SqlInjection,Web
5.500000,360.972968,38.500000,BrowserHijacking,Web
9.500000,7.124082,141.550000,Mirai-greip_flood,Mirai
9.500000,0.464276,141.550000,DDoS-SynonymousIP_Flood,DDoS
9.500000,0.000000,141.550000,Mirai-greeth_flood,Mirai
5.500000,0.067438,38.500000,Uploading_Attack,Web
5.500000,2.636199,38.500000,BenignTraffic,Benign
9.500000,79.298309,141.550000,DDoS-SlowLoris,DDoS
5.500000,23.912715,38.500000,CommandInjection,Web
13.500000,5.300875,244.600000,DictionaryBruteForce,BruteForce
9.500000,0.422629,141.550000,DoS-TCP_Flood,DoS
13.500000,2.767552,244.600000,Recon-OSScan,Recon
13.500000,1.913245,244.600000,DictionaryBruteForce,BruteForce
13.500000,41.605300,244.600000,XSS,Web
5.500000,102.327354,38.500000,DNS_Spoofing,Spoofing
9.500000,17457.196279,141.550000,VulnerabilityScan,Recon
9.500000,2.453837,141.550000,DDoS-SynonymousIP_Flood,DDoS
5.500000,31.756358,38.500000,DictionaryBruteForce,BruteForce
13.500000,101.909509,244.600000,DictionaryBruteForce,BruteForce
13.500000,93.444777,244.600000,Recon-HostDiscovery,Recon
13.500000,7.729250,244.600000,DictionaryBruteForce,BruteForce
5.500000,193.647667,38.500000,Recon-PortScan,Recon
5.500000,64.909681,38.500000,Uploading_Attack,Web
5.500000,66.783731,38.500000,DictionaryBruteForce,BruteForce
9.500000,175.405398,141.550000,DoS-HTTP_Flood,DoS
5.500000,2.325044,38.500000,DictionaryBruteForce,BruteForce
9.500000,36.392161,141.550000,VulnerabilityScan,Recon
13.500000,9.142782,244.600000,Recon-PortScan,Recon
13.500000,71.058499,244.600000,BenignTraffic,Benign
5.500000,38.133106,38.500000,BenignTraffic,Benign
13.500000,24.065832,244.600000,Recon-PortScan,Recon
13.500000,17.750828,244.600000,SqlInjection,Web
9.500000,0.444028,141.550000,DoS-TCP_Flood,DoS
5.500000,3.298515,38.500000,DictionaryBruteForce,BruteForce
9.500000,18.215196,141.550000,DDoS-TCP_Flood,DDoS
9.500000,2.357195,141.550000,DDoS-TCP_Flood,DDoS
13.500000,16.291769,244.600000,BenignTraffic,Benign
5.500000,8.022258,38.500000,Uploading_Attack,Web
9.500000,5.434680,141.550000,DDoS-RSTFINFlood,DDoS
5.500000,0.949677,38.500000,XSS,Web
13.500000,0.132279,244.600000,DNS_Spoofing,Spoofing
13.500000,185.122270,244.600000,MITM-ArpSpoofing,Spoofing
9.500000,0.775455,141.550000,DDoS-ACK_Fragmentation,DDoS
13.500000,49374.746743,244.600000,Recon-HostDiscovery,Recon
5.500000,88.753974,38.500000,DNS_Spoofing,Spoofing
13.500000,25.665277,244.600000,DNS_Spoofing,Spoofing
5.500000,221.088459,38.500000,Recon-OSScan,Recon
9.500000,0.648034,141.550000,DDoS-PSHACK_Flood,DDoS
9.500000,131.656526,141.550000,DoS-HTTP_Flood,DoS
5.500000,17.364839,38.500000,MITM-ArpSpoofing,Spoofing
13.500000,27.680839,244.600000,DNS_Spoofing,Spoofing
13.500000,76.882438,244.600000,DictionaryBruteForce,BruteForce
13.500000,73.165416,244.600000,BenignTraffic,Benign
5.500000,72.831775,38.500000,Backdoor_Malware,Web
5.500000,38.851211,38.500000,Recon-HostDiscovery,Recon
5.500000,15.284828,38.500000,Recon-OSScan,Recon
13.500000,42.543918,244.600000,BenignTraffic,Benign
13.500000,0.415451,244.600000,XSS,Web
9.500000,13601.986016,141.550000,DoS-UDP_Flood,DoS
13.500000,60.230228,244.600000,MITM-ArpSpoofing,Spoofing
9.500000,40.698722,141.550000,DDoS-SlowLoris,DDoS
9.500000,1.309505,141.550000,DoS-HTTP_Flood,DoS
5.500000,108.971434,38.500000,BrowserHijacking,Web
5.500000,7.485085,38.500000,DictionaryBruteForce,BruteForce
9.500000,38.958528,141.550000,VulnerabilityScan,Recon
5.500000,2.145169,38.500000,Backdoor_Malware,Web
13.500000,15.028286,244.600000,Backdoor_Malware,Web
9.500000,57.944821,141.550000,DoS-TCP_Flood,DoS
5.500000,20.437535,38.500000,Recon-HostDiscovery,Recon
13.500000,87.229435,244.600000,DNS_Spoofing,Spoofing
5.500000,49.545463,38.500000,DNS_Spoofing,Spoofing
13.500000,206.919283,244.600000,Uploading_Attack,Web
5.500000,44.812613,38.500000,DictionaryBruteForce,BruteForce
13.500000,48.303872,244.600000,DictionaryBruteForce,BruteForce
13.500000,39.785645,244.600000,BenignTraffic,Benign
13.500000,103.810381,244.600000,Uploading_Attack,Web
5.500000,9.665978,38.500000,DNS_Spoofing,Spoofing
9.500000,4.976102,141.550000,DDoS-ICMP_Fragmentation,DDoS
9.500000,20.026979,141.550000,DDoS-ACK_Fragmentation,DDoS
9.500000,43.031920,141.550000,VulnerabilityScan,Recon
9.500000,0.401239,141.550000,DoS-TCP_Flood,DoS
9.500000,496.502842,141.550000,Mirai-udpplain,Mirai
9.500000,39.850743,141.550000,DoS-TCP_Flood,DoS
9.500000,8.311099,141.550000,Mirai-greip_flood,Mirai
13.500000,0.048611,244.600000,Uploading_Attack,Web
9.500000,0.392361,141.550000,DoS-TCP_Flood,DoS
9.500000,0.715082,141.550000,DDoS-HTTP_Flood,DDoS
13.500000,75.181148,244.600000,Recon-OSScan,Recon
9.500000,2.658244,141.550000,DoS-TCP_Flood,DoS
13.500000,2.539249,244.600000,DictionaryBruteForce,BruteForce
9.500000,24.335826,141.550000,DDoS-ICMP_Flood,DDoS
9.500000,84.334407,141.550000,DoS-HTTP_Flood,DoS
5.500000,56.994336,38.500000,BenignTraffic,Benign
9.500000,5.104597,141.550000,DoS-HTTP_Flood,DoS
9.500000,0.000000,141.550000,Mirai-greeth_flood,Mirai
9.500000,202.170534,141.550000,DDoS-UDP_Fragmentation,DDoS
13.500000,83.085564,244.600000,Recon-OSScan,Recon
13.500000,0.081653,244.600000,Recon-PortScan,Recon
13.500000,64.714290,244.600000,BenignTraffic,Benign
9.500000,655.252942,141.550000,Mirai-udpplain,Mirai
9.500000,65.717614,141.550000,DoS-TCP_Flood,DoS
13.500000,233.978805,244.600000,BenignTraffic,Benign
9.500000,950.737155,141.550000,Mirai-udpplain,Mirai
5.500000,234.157238,38.500000,MITM-ArpSpoofing,Spoofing
5.500000,99.444407,38.500000,Recon-OSScan,Recon
9.500000,6.107225,141.550000,DoS-HTTP_Flood,DoS
5.500000,97.709996,38.500000,DictionaryBruteForce,BruteForce
9.500000,0.724133,141.550000,Mirai-greip_flood,Mirai
9.500000,2.987041,141.550000,DoS-SYN_Flood,DoS
5.500000,536.218183,38.500000,CommandInjection,Web
5.500000,36.085943,38.500000,Recon-HostDiscovery,Recon
5.500000,555.262738,38.500000,MITM-ArpSpoofing,Spoofing
9.500000,1.986516,141.550000,Mirai-greeth_flood,Mirai
9.500000,1385.268493,141.550000,Mirai-udpplain,Mirai
9.500000,78.015435,141.550000,Mirai-udpplain,Mirai
9.500000,13.533003,141.550000,DDoS-ACK_Fragmentation,DDoS
13.500000,22.336779,244.600000,DNS_Spoofing,Spoofing
5.500000,0.644728,38.500000,SqlInjection,Web
9.500000,0.000000,141.550000,DoS-UDP_Flood,DoS
9.500000,53.756482,141.550000,DDoS-ICMP_Fragmentation,DDoS
9.500000,5790.799428,141.550000,DDoS-UDP_Flood,DDoS
13.500000,3.547248,244.600000,DictionaryBruteForce,BruteForce
5.500000,0.833752,38.500000,DictionaryBruteForce,BruteForce
13.500000,54.981520,244.600000,BenignTraffic,Benign
9.500000,1.632952,141.550000,DoS-TCP_Flood,DoS
9.500000,249.410952,141.550000,Mirai-greeth_flood,Mirai
9.500000,3.287980,141.550000,Mirai-greip_flood,Mirai
9.500000,18.225407,141.550000,DoS-UDP_Flood,DoS
5.500000,48.723090,38.500000,BenignTraffic,Benign
9.500000,85.893171,141.550000,DDoS-UDP_Fragmentation,DDoS
9.500000,1.136171,141.550000,DDoS-PSHACK_Flood,DDoS
9.500000,0.400405,141.550000,DoS-TCP_Flood,DoS
13.500000,1.326409,244.600000,DNS_Spoofing,Spoofing
5.500000,2.214485,38.500000,DNS_Spoofing,Spoofing
9.500000,5130.627012,141.550000,DDoS-UDP_Flood,DDoS
5.500000,17.660150,38.500000,BenignTraffic,Benign
5.500000,0.138029,38.500000,XSS,Web
13.500000,181.292019,244.600000,MITM-ArpSpoofing,Spoofing
9.500000,758.835356,141.550000,Mirai-udpplain,Mirai
9.500000,30.621515,141.550000,VulnerabilityScan,Recon
9.500000,29.140063,141.550000,VulnerabilityScan,Recon
5.500000,115.225730,38.500000,DictionaryBruteForce,BruteForce
13.500000,0.636070,244.600000,Uploading_Attack,Web
13.500000,67.667879,244.600000,Backdoor_Malware,Web
13.500000,94.562666,244.600000,DNS_Spoofing,Spoofing
13.500000,14.595641,244.600000,Recon-OSScan,Recon
13.500000,7.671069,244.600000,BenignTraffic,Benign
9.500000,33.958195,141.550000,DoS-TCP_Flood,DoS
13.500000,540.801214,244.600000,DictionaryBruteForce,BruteForce
9.500000,9783.452056,141.550000,DoS-UDP_Flood,DoS
5.500000,1084.006339,38.500000,BenignTraffic,Benign
9.500000,0.694359,141.550000,DoS-TCP_Flood,DoS
9.500000,2608.435210,141.550000,Mirai-udpplain,Mirai
9.500000,47.135726,141.550000,VulnerabilityScan,Recon
9.500000,23.328644,141.550000,Mirai-udpplain,Mirai
13.500000,23.662037,244.600000,DictionaryBruteForce,BruteForce
5.500000,574.154950,38.500000,MITM-ArpSpoofing,Spoofing
5.500000,1429.094497,38.500000,MITM-ArpSpoofing,Spoofing
9.500000,171.162689,141.550000,VulnerabilityScan,Recon
13.500000,78155.111205,244.600000,DNS_Spoofing,Spoofing
13.500000,5.140940,244.600000,Backdoor_Malware,Web
9.500000,2.533198,141.550000,Mirai-greeth_flood,Mirai
9.500000,0.471231,141.550000,DoS-SYN_Flood,DoS
9.500000,0.444471,141.550000,DoS-TCP_Flood,DoS
9.500000,10.817859,141.550000,VulnerabilityScan,Recon
13.500000,36.484926,244.600000,Recon-OSScan,Recon
9.500000,0.389887,141.550000,DoS-TCP_Flood,DoS
9.500000,1.496795,141.550000,DDoS-RSTFINFlood,DDoS
13.500000,0.726594,244.600000,DNS_Spoofing,Spoofing
9.500000,13.839017,141.550000,Mirai-greip_flood,Mirai
9.500000,106.758286,141.550000,DDoS-UDP_Fragmentation,DDoS
5.500000,34.614883,38.500000,DictionaryBruteForce,BruteForce
5.500000,75.030815,38.500000,BenignTraffic,Benign
13.500000,0.770252,244.600000,Uploading_Attack,Web
13.500000,2.073546,244.600000,Recon-PingSweep,Recon
9.500000,38.231607,141.550000,DoS-HTTP_Flood,DoS
9.500000,41.249025,141.550000,Mirai-greip_flood,Mirai
13.500000,94.880513,244.600000,DictionaryBruteForce,BruteForce
9.500000,2025.412954,141.550000,DDoS-UDP_Flood,DDoS
5.500000,730.250801,38.500000,MITM-ArpSpoofing,Spoofing
5.500000,1823.287513,38.500000,MITM-ArpSpoofing,Spoofing
13.500000,0.854278,244.600000,DictionaryBruteForce,BruteForce
9.500000,1.377059,141.550000,Mirai-greeth_flood,Mirai
5.500000,2.994556,38.500000,DictionaryBruteForce,BruteForce
9.500000,25.606564,141.550000,DoS-SYN_Flood,DoS
5.500000,68.535025,38.500000,BenignTraffic,Benign
13.500000,3.704889,244.600000,DictionaryBruteForce,BruteForce
9.500000,8.389405,141.550000,Mirai-greip_flood,Mirai
9.500000,34990.266735,141.550000,DoS-UDP_Flood,DoS
9.500000,1043.297380,141.550000,Mirai-udpplain,Mirai
13.500000,12.024342,244.600000,Recon-PingSweep,Recon
13.500000,41.098470,244.600000,Recon-OSScan,Recon
9.500000,1391.556752,141.550000,Mirai-greeth_flood,Mirai
5.500000,52.452391,38.500000,MITM-ArpSpoofing,Spoofing
13.500000,212.829454,244.600000,MITM-ArpSpoofing,Spoofing
9.500000,1.998048,141.550000,DDoS-ICMP_Flood,DDoS
9.500000,7.131594,141.550000,DoS-SYN_Flood,DoS
9.500000,189.882023,141.550000,Mirai-greip_flood,Mirai
13.500000,25.924478,244.600000,BenignTraffic,Benign
9.500000,24.789181,141.550000,DDoS-ICMP_Flood,DDoS
5.500000,20.009649,38.500000,BenignTraffic,Benign
9.500000,0.902572,141.550000,DDoS-SynonymousIP_Flood,DDoS
13.500000,25.048263,244.600000,DictionaryBruteForce,BruteForce
5.500000,4450.052626,38.500000,Uploading_Attack,Web
5.500000,3.871648,38.500000,SqlInjection,Web
9.500000,1.164396,141.550000,Mirai-greeth_flood,Mirai
13.500000,32.182868,244.600000,XSS,Web
9.500000,39.809442,141.550000,VulnerabilityScan,Recon
13.500000,16.978064,244.600000,SqlInjection,Web
5.500000,46.688965,38.500000,BenignTraffic,Benign
13.500000,3491.875096,244.600000,DNS_Spoofing,Spoofing
5.500000,2.884666,38.500000,BrowserHijacking,Web
5.500000,41.808979,38.500000,Recon-HostDiscovery,Recon
13.500000,295.381863,244.600000,CommandInjection,Web
9.500000,11.363829,141.550000,DDoS-RSTFINFlood,DDoS
5.500000,57.231942,38.500000,MITM-ArpSpoofing,Spoofing
5.500000,15.894666,38.500000,Recon-PingSweep,Recon
9.500000,1.743276,141.550000,Mirai-greeth_flood,Mirai
13.500000,17.601074,244.600000,Uploading_Attack,Web
13.500000,0.117232,244.600000,SqlInjection,Web
9.500000,23897.472770,141.550000,DoS-UDP_Flood,DoS
9.500000,1477.707790,141.550000,Mirai-udpplain,Mirai
9.500000,0.378775,141.550000,DoS-UDP_Flood,DoS
5.500000,0.481066,38.500000,DictionaryBruteForce,BruteForce
5.500000,7.644751,38.500000,DictionaryBruteForce,BruteForce
9.500000,5.971219,141.550000,DoS-SYN_Flood,DoS
13.500000,44.320297,244.600000,BenignTraffic,Benign
9.500000,0.399055,141.550000,DDoS-ACK_Fragmentation,DDoS
9.500000,2.534044,141.550000,DDoS-TCP_Flood,DDoS
5.500000,40.120571,38.500000,DictionaryBruteForce,BruteForce
13.500000,33.902555,244.600000,BenignTraffic,Benign
5.500000,18.607105,38.500000,Recon-PingSweep,Recon
9.500000,3.596406,141.550000,DoS-UDP_Flood,DoS
9.500000,5.910748,141.550000,DoS-SYN_Flood,DoS
9.500000,4301.953739,141.550000,DDoS-SlowLoris,DDoS
13.500000,0.228092,244.600000,DictionaryBruteForce,BruteForce
5.500000,86.149778,38.500000,MITM-ArpSpoofing,Spoofing
13.500000,3667.083323,244.600000,BenignTraffic,Benign
5.500000,70.155580,38.500000,DictionaryBruteForce,BruteForce
9.500000,399457.523810,141.550000,Mirai-greeth_flood,Mirai
9.500000,8459.627743,141.550000,DoS-UDP_Flood,DoS
9.500000,3.408646,141.550000,Mirai-greip_flood,Mirai
9.500000,87.281363,141.550000,DoS-HTTP_Flood,DoS
5.500000,9.310686,38.500000,Uploading_Attack,Web
9.500000,1122.147935,141.550000,Mirai-udpplain,Mirai
13.500000,25.774440,244.600000,Recon-PingSweep,Recon
13.500000,11.278672,244.600000,DictionaryBruteForce,BruteForce
13.500000,100.222306,244.600000,DNS_Spoofing,Spoofing
9.500000,0.422535,141.550000,DoS-SYN_Flood,DoS
5.500000,54.605130,38.500000,MITM-ArpSpoofing,Spoofing
9.500000,25.467332,141.550000,DDoS-TCP_Flood,DDoS
9.500000,4.843258,141.550000,DoS-HTTP_Flood,DoS
9.500000,22870.370966,141.550000,DoS-HTTP_Flood,DoS
13.500000,3.283222,244.600000,Backdoor_Malware,Web
13.500000,0.326852,244.600000,XSS,Web
5.500000,1374.362475,38.500000,BrowserHijacking,Web
9.500000,1090.856983,141.550000,Mirai-udpplain,Mirai
5.500000,6.848046,38.500000,Backdoor_Malware,Web
5.500000,14.420360,38.500000,BenignTraffic,Benign
13.500000,1.148785,244.600000,DictionaryBruteForce,BruteForce
9.500000,7.371033,141.550000,DDoS-ACK_Fragmentation,DDoS
13.500000,21.203819,244.600000,DictionaryBruteForce,BruteForce
9.500000,25277.680790,141.550000,DoS-UDP_Flood,DoS
13.500000,22.892305,244.600000,DictionaryBruteForce,BruteForce
9.500000,2396.027183,141.550000,DoS-HTTP_Flood,DoS
5.500000,49.542413,38.500000,Backdoor_Malware,Web
5.500000,139824.282326,38.500000,BrowserHijacking,Web
9.500000,976.651380,141.550000,Mirai-udpplain,Mirai
5.500000,0.867394,38.500000,CommandInjection,Web
13.500000,1.563290,244.600000,Recon-PingSweep,Recon
9.500000,10289.970423,141.550000,DDoS-UDP_Flood,DDoS
9.500000,613.556062,141.550000,Mirai-udpplain,Mirai
13.500000,2.947247,244.600000,DictionaryBruteForce,BruteForce
13.500000,78.002909,244.600000,DictionaryBruteForce,BruteForce
5.500000,4.340105,38.500000,DictionaryBruteForce,BruteForce
9.500000,51.041120,141.550000,DDoS-RSTFINFlood,DDoS
9.500000,0.349640,141.550000,DoS-SYN_Flood,DoS
13.500000,11.996698,244.600000,BenignTraffic,Benign
9.500000,55.289409,141.550000,DoS-HTTP_Flood,DoS
9.500000,19842.549058,141.550000,DoS-UDP_Flood,DoS
13.500000,22.242717,244.600000,MITM-ArpSpoofing,Spoofing
9.500000,13436.557677,141.550000,DoS-UDP_Flood,DoS
9.500000,2.306597,141.550000,DDoS-ICMP_Flood,DDoS
13.500000,10.335877,244.600000,Recon-PortScan,Recon
5.500000,6.063958,38.500000,Recon-PingSweep,Recon
9.500000,1.223418,141.550000,Mirai-greeth_flood,Mirai
5.500000,2.901269,38.500000,DictionaryBruteForce,BruteForce
9.500000,2.036378,141.550000,DDoS-SynonymousIP_Flood,DDoS
9.500000,14.838051,141.550000,DDoS-ICMP_Fragmentation,DDoS
5.500000,79.079621,38.500000,Recon-PortScan,Recon
5.500000,92.458507,38.500000,MITM-ArpSpoofing,Spoofing
13.500000,39.812236,244.600000,DictionaryBruteForce,BruteForce
9.500000,15.591053,141.550000,VulnerabilityScan,Recon
5.500000,37.992252,38.500000,BenignTraffic,Benign
5.500000,27.553421,38.500000,XSS,Web
5.500000,18.778237,38.500000,XSS,Web
13.500000,8.652007,244.600000,DictionaryBruteForce,BruteForce
5.500000,124.507458,38.500000,Recon-HostDiscovery,Recon
9.500000,0.738758,141.550000,DDoS-HTTP_Flood,DDoS
5.500000,1.541208,38.500000,DictionaryBruteForce,BruteForce
5.500000,17.069898,38.500000,BenignTraffic,Benign
9.500000,593.747103,141.550000,Mirai-udpplain,Mirai
5.500000,3.291111,38.500000,Recon-HostDiscovery,Recon
9.500000,68.303353,141.550000,DoS-SYN_Flood,DoS
9.500000,0.272930,141.550000,DoS-SYN_Flood,DoS
9.500000,372.432883,141.550000,Mirai-udpplain,Mirai
9.500000,1622.206999,141.550000,Mirai-udpplain,Mirai
13.500000,45.900211,244.600000,DNS_Spoofing,Spoofing
9.500000,581.242524,141.550000,Mirai-udpplain,Mirai
5.500000,18.960848,38.500000,Recon-HostDiscovery,Recon
13.500000,72.308307,244.600000,Recon-OSScan,Recon
13.500000,23.172000,244.600000,Recon-HostDiscovery,Recon
13.500000,71.902237,244.600000,Backdoor_Malware,Web
13.500000,70.405916,244.600000,Recon-PortScan,Recon
9.500000,588.938677,141.550000,Mirai-udpplain,Mirai
9.500000,3.693700,141.550000,DoS-TCP_Flood,DoS
9.500000,0.388872,141.550000,DoS-TCP_Flood,DoS
13.500000,1040.315160,244.600000,DNS_Spoofing,Spoofing
9.500000,28.885567,141.550000,DDoS-TCP_Flood,DDoS
13.500000,32.867677,244.600000,Recon-PingSweep,Recon
9.500000,39.274164,141.550000,DDoS-TCP_Flood,DDoS
9.500000,4.837485,141.550000,DDoS-ICMP_Fragmentation,DDoS
5.500000,125.515852,38.500000,SqlInjection,Web
9.500000,1.062166,141.550000,DDoS-ICMP_Flood,DDoS
9.500000,7.857531,141.550000,Mirai-greeth_flood,Mirai
5.500000,535.342559,38.500000,MITM-ArpSpoofing,Spoofing
13.500000,2.738661,244.600000,Recon-OSScan,Recon
13.500000,85.473418,244.600000,BenignTraffic,Benign
9.500000,151.153018,141.550000,Mirai-greip_flood,Mirai
9.500000,11.647949,141.550000,DDoS-RSTFINFlood,DDoS
5.500000,10.964915,38.500000,MITM-ArpSpoofing,Spoofing
13.500000,157.720487,244.600000,DictionaryBruteForce,BruteForce
9.500000,107.037760,141.550000,DoS-HTTP_Flood,DoS
5.500000,48.894201,38.500000,Recon-PortScan,Recon
13.500000,80.489712,244.600000,DictionaryBruteForce,BruteForce
9.500000,4185.294069,141.550000,DoS-UDP_Flood,DoS
9.500000,3.332052,141.550000,DoS-HTTP_Flood,DoS
13.500000,17.973571,244.600000,Recon-HostDiscovery,Recon
9.500000,87.442361,141.550000,DDoS-TCP_Flood,DDoS
9.500000,0.657097,141.550000,DDoS-RSTFINFlood,DDoS
5.500000,38.400827,38.500000,BrowserHijacking,Web
13.500000,26.376420,244.600000,BenignTraffic,Benign
9.500000,61.419720,141.550000,DDoS-PSHACK_Flood,DDoS
9.500000,21.120063,141.550000,Mirai-greip_flood,Mirai
5.500000,67.870774,38.500000,DictionaryBruteForce,BruteForce
13.500000,28.217774,244.600000,Recon-OSScan,Recon
9.500000,1.378740,141.550000,Mirai-greip_flood,Mirai
9.500000,2.185149,141.550000,DoS-SYN_Flood,DoS
5.500000,115.169940,38.500000,DictionaryBruteForce,BruteForce
13.500000,0.220247,244.600000,Backdoor_Malware,Web
9.500000,7.467255,141.550000,Mirai-greip_flood,Mirai
13.500000,269.439046,244.600000,MITM-ArpSpoofing,Spoofing
5.500000,45.155626,38.500000,Recon-PortScan,Recon
9.500000,10.310231,141.550000,DoS-TCP_Flood,DoS
9.500000,23.642069,141.550000,DDoS-ICMP_Fragmentation,DDoS
13.500000,9.578025,244.600000,MITM-ArpSpoofing,Spoofing
13.500000,1.476383,244.600000,BrowserHijacking,Web
9.500000,384.364465,141.550000,Mirai-udpplain,Mirai
9.500000,0.000000,141.550000,DoS-TCP_Flood,DoS
9.500000,54.653349,141.550000,DoS-HTTP_Flood,DoS
5.500000,19.052107,38.500000,SqlInjection,Web
9.500000,1126.545873,141.550000,Mirai-udpplain,Mirai
9.500000,5.254524,141.550000,Mirai-greeth_flood,Mirai
9.500000,54.647882,141.550000,DDoS-PSHACK_Flood,DDoS
5.500000,5.893599,38.500000,DictionaryBruteForce,BruteForce
13.500000,24.089524,244.600000,Backdoor_Malware,Web
13.500000,64564.433725,244.600000,BenignTraffic,Benign
5.500000,76.426013,38.500000,DictionaryBruteForce,BruteForce
5.500000,38.131746,38.500000,BenignTraffic,Benign
9.500000,7.516411,141.550000,VulnerabilityScan,Recon
13.500000,1.775951,244.600000,DictionaryBruteForce,BruteForce
9.500000,842.787797,141.550000,Mirai-udpplain,Mirai
13.500000,393.339434,244.600000,MITM-ArpSpoofing,Spoofing
13.500000,2.037421,244.600000,XSS,Web
5.500000,0.897512,38.500000,DNS_Spoofing,Spoofing
13.500000,74.377182,244.600000,Uploading_Attack,Web
9.500000,10283.386539,141.550000,DoS-UDP_Flood,DoS
13.500000,20.347981,244.600000,DictionaryBruteForce,BruteForce
5.500000,63.345188,38.500000,BenignTraffic,Benign
9.500000,743.750844,141.550000,Mirai-udpplain,Mirai
9.500000,119.703873,141.550000,Mirai-greip_flood,Mirai
13.500000,74.071533,244.600000,DNS_Spoofing,Spoofing
5.500000,33.196741,38.500000,Recon-OSScan,Recon
9.500000,11.609242,141.550000,Mirai-greeth_flood,Mirai
5.500000,26.445042,38.500000,BenignTraffic,Benign
13.500000,52.815133,244.600000,CommandInjection,Web
13.500000,41.033108,244.600000,BenignTraffic,Benign
5.500000,32.265627,38.500000,Recon-PingSweep,Recon
13.500000,1132.734575,244.600000,BrowserHijacking,Web
13.500000,47.304331,244.600000,DictionaryBruteForce,BruteForce
5.500000,190.311384,38.500000,DNS_Spoofing,Spoofing
9.500000,0.000000,141.550000,DDoS-SYN_Flood,DDoS
5.500000,258.181720,38.500000,MITM-ArpSpoofing,Spoofing
13.500000,104899.184871,244.600000,SqlInjection,Web
5.500000,14.810380,38.500000,BenignTraffic,Benign
13.500000,110.175320,244.600000,MITM-ArpSpoofing,Spoofing
9.500000,5.530656,141.550000,Mirai-greeth_flood,Mirai
13.500000,12.019003,244.600000,DictionaryBruteForce,BruteForce
9.500000,18.861418,141.550000,DDoS-ICMP_Fragmentation,DDoS
9.500000,1.538809,141.550000,DDoS-SynonymousIP_Flood,DDoS
9.500000,13.183831,141.550000,Mirai-greeth_flood,Mirai
13.500000,950.854220,244.600000,MITM-ArpSpoofing,Spoofing
13.500000,70.173896,244.600000,DNS_Spoofing,Spoofing
5.500000,0.106228,38.500000,Uploading_Attack,Web
5.500000,15.784148,38.500000,Recon-OSScan,Recon
5.500000,7.652805,38.500000,BenignTraffic,Benign
13.500000,1892.497321,244.600000,MITM-ArpSpoofing,Spoofing
9.500000,0.450882,141.550000,DoS-TCP_Flood,DoS
5.500000,110.836401,38.500000,DictionaryBruteForce,BruteForce
13.500000,48.579237,244.600000,DictionaryBruteForce,BruteForce
13.500000,123.964801,244.600000,DictionaryBruteForce,BruteForce
9.500000,13.783535,141.550000,VulnerabilityScan,Recon
9.500000,3587.801496,141.550000,VulnerabilityScan,Recon
13.500000,60.544734,244.600000,DNS_Spoofing,Spoofing
13.500000,30.678801,244.600000,DictionaryBruteForce,BruteForce
13.500000,0.054626,244.600000,XSS,Web
13.500000,13.091563,244.600000,DNS_Spoofing,Spoofing
13.500000,44.263710,244.600000,BenignTraffic,Benign
9.500000,1.205481,141.550000,Mirai-greip_flood,Mirai
13.500000,17.628400,244.600000,Recon-PingSweep,Recon
9.500000,2173.184396,141.550000,Mirai-udpplain,Mirai
13.500000,34.142377,244.600000,MITM-ArpSpoofing,Spoofing
13.500000,258.782152,244.600000,Backdoor_Malware,Web
13.500000,24.423874,244.600000,DictionaryBruteForce,BruteForce
9.500000,41.931371,141.550000,VulnerabilityScan,Recon
13.500000,50.643584,244.600000,DictionaryBruteForce,BruteForce
5.500000,56.859772,38.500000,DNS_Spoofing,Spoofing
9.500000,5.351179,141.550000,Mirai-greeth_flood,Mirai
9.500000,27975.995644,141.550000,DDoS-ACK_Fragmentation,DDoS
9.500000,2.177269,141.550000,DDoS-ACK_Fragmentation,DDoS
13.500000,132.426141,244.600000,CommandInjection,Web
5.500000,25.509729,38.500000,DNS_Spoofing,Spoofing
9.500000,12.734245,141.550000,DoS-HTTP_Flood,DoS
5.500000,11.418060,38.500000,Recon-PingSweep,Recon
13.500000,5.299857,244.600000,DictionaryBruteForce,BruteForce
9.500000,2366.774887,141.550000,Mirai-udpplain,Mirai
9.500000,36.543207,141.550000,Mirai-greeth_flood,Mirai
13.500000,61.179863,244.600000,SqlInjection,Web
5.500000,14.729662,38.500000,DNS_Spoofing,Spoofing
13.500000,137.372586,244.600000,XSS,Web
9.500000,34.977484,141.550000,DDoS-SYN_Flood,DDoS
9.500000,44.098268,141.550000,DDoS-SlowLoris,DDoS
13.500000,224.299145,244.600000,MITM-ArpSpoofing,Spoofing
5.500000,286.945289,38.500000,Uploading_Attack,Web
9.500000,1.339326,141.550000,DoS-HTTP_Flood,DoS
9.500000,5.815653,141.550000,DDoS-ICMP_Flood,DDoS
5.500000,20.682617,38.500000,BenignTraffic,Benign
9.500000,26.935125,141.550000,DoS-SYN_Flood,DoS
9.500000,4.961967,141.550000,DoS-SYN_Flood,DoS
5.500000,69.930843,38.500000,BenignTraffic,Benign
9.500000,363.586301,141.550000,DDoS-UDP_Fragmentation,DDoS
9.500000,20.134785,141.550000,DDoS-TCP_Flood,DDoS
13.500000,2.929591,244.600000,DNS_Spoofing,Spoofing
5.500000,977.893469,38.500000,CommandInjection,Web
13.500000,26.132940,244.600000,Recon-PortScan,Recon
9.500000,2.562539,141.550000,Mirai-greeth_flood,Mirai
9.500000,5.450179,141.550000,Mirai-greeth_flood,Mirai
9.500000,1830.242684,141.550000,Mirai-udpplain,Mirai
9.500000,18.898624,141.550000,Mirai-greip_flood,Mirai
13.500000,36.449127,244.600000,DictionaryBruteForce,BruteForce
9.500000,30.463077,141.550000,VulnerabilityScan,Recon
13.500000,0.139277,244.600000,DictionaryBruteForce,BruteForce
13.500000,686.231590,244.600000,MITM-ArpSpoofing,Spoofing
9.500000,2104.180353,141.550000,Mirai-udpplain,Mirai
13.500000,20.732111,244.600000,DNS_Spoofing,Spoofing
9.500000,4.373973,141.550000,DoS-HTTP_Flood,DoS
9.500000,41.395864,141.550000,VulnerabilityScan,Recon
9.500000,2713.248500,141.550000,Mirai-udpplain,Mirai
9.500000,27450.906810,141.550000,DDoS-SlowLoris,DDoS
13.500000,122.296785,244.600000,DNS_Spoofing,Spoofing
9.500000,1291.203350,141.550000,Mirai-udpplain,Mirai
5.500000,16.535876,38.500000,BenignTraffic,Benign
13.500000,864.986742,244.600000,MITM-ArpSpoofing,Spoofing
5.500000,0.104178,38.500000,Backdoor_Malware,Web
13.500000,36.959775,244.600000,Recon-HostDiscovery,Recon
9.500000,0.000000,141.550000,DoS-SYN_Flood,DoS
9.500000,9.958028,141.550000,DDoS-SYN_Flood,DDoS
9.500000,7004.294383,141.550000,DDoS-ICMP_Fragmentation,DDoS
9.500000,4796.600238,141.550000,DoS-UDP_Flood,DoS
13.500000,72.488420,244.600000,DictionaryBruteForce,BruteForce
9.500000,15.740485,141.550000,Mirai-greeth_flood,Mirai
5.500000,33.251155,38.500000,BenignTraffic,Benign
9.500000,12.134207,141.550000,VulnerabilityScan,Recon
5.500000,22.215864,38.500000,DictionaryBruteForce,BruteForce
13.500000,0.005471,244.600000,Recon-PingSweep,Recon
5.500000,47.185295,38.500000,DictionaryBruteForce,BruteForce
5.500000,25.080820,38.500000,Recon-HostDiscovery,Recon
9.500000,35.092611,141.550000,DoS-SYN_Flood,DoS
9.500000,0.669161,141.550000,Mirai-greeth_flood,Mirai
9.500000,18.708536,141.550000,Mirai-greip_flood,Mirai
5.500000,60.737596,38.500000,BenignTraffic,Benign
9.500000,6804.632219,141.550000,DDoS-UDP_Flood,DDoS
13.500000,17.751925,244.600000,Recon-HostDiscovery,Recon
9.500000,28.865418,141.550000,DDoS-SynonymousIP_Flood,DDoS
9.500000,291.359068,141.550000,DDoS-UDP_Fragmentation,DDoS
9.500000,23.909863,141.550000,Mirai-greeth_flood,Mirai
9.500000,3.350643,141.550000,DDoS-SynonymousIP_Flood,DDoS
9.500000,0.364952,141.550000,DoS-TCP_Flood,DoS
9.500000,26.443900,141.550000,DDoS-ICMP_Fragmentation,DDoS
5.500000,11.434436,38.500000,BenignTraffic,Benign
9.500000,1557801.025868,141.550000,DoS-HTTP_Flood,DoS
13.500000,1.009841,244.600000,CommandInjection,Web
9.500000,17.245834,141.550000,DDoS-TCP_Flood,DDoS
9.500000,0.430533,141.550000,DDoS-TCP_Flood,DDoS
13.500000,81.677423,244.600000,DictionaryBruteForce,BruteForce
9.500000,15.756260,141.550000,VulnerabilityScan,Recon
9.500000,18.021648,141.550000,DDoS-SlowLoris,DDoS
13.500000,49.250885,244.600000,BenignTraffic,Benign
9.500000,6.630320,141.550000,DDoS-PSHACK_Flood,DDoS
13.500000,2.457339,244.600000,DNS_Spoofing,Spoofing
9.500000,6.612404,141.550000,Mirai-greeth_flood,Mirai
13.500000,6.122812,244.600000,DictionaryBruteForce,BruteForce
13.500000,445.467122,244.600000,MITM-ArpSpoofing,Spoofing
9.500000,0.487691,141.550000,DDoS-PSHACK_Flood,DDoS
13.500000,10.406379,244.600000,BenignTraffic,Benign
13.500000,107.048965,244.600000,Recon-HostDiscovery,Recon
5.500000,1.411386,38.500000,XSS,Web
5.500000,3535.411389,38.500000,BenignTraffic,Benign
5.500000,67.012524,38.500000,BenignTraffic,Benign
9.500000,321.720534,141.550000,Mirai-udpplain,Mirai
9.500000,32.519755,141.550000,DDoS-SYN_Flood,DDoS
9.500000,8909.750810,141.550000,DDoS-UDP_Flood,DDoS
13.500000,19.955274,244.600000,CommandInjection,Web
5.500000,0.017411,38.500000,Backdoor_Malware,Web
5.500000,13.795660,38.500000,BenignTraffic,Benign
13.500000,9.766787,244.600000,BenignTraffic,Benign
9.500000,0.759803,141.550000,DDoS-SynonymousIP_Flood,DDoS
13.500000,0.131008,244.600000,Backdoor_Malware,Web
9.500000,1420.353539,141.550000,Mirai-greeth_flood,Mirai
9.500000,39.116533,141.550000,DDoS-SynonymousIP_Flood,DDoS
9.500000,0.408752,141.550000,DoS-TCP_Flood,DoS
5.500000,16.842069,38.500000,DNS_Spoofing,Spoofing
13.500000,3658.731441,244.600000,DNS_Spoofing,Spoofing
5.500000,10.802200,38.500000,XSS,Web
13.500000,17.486627,244.600000,Recon-PortScan,Recon
9.500000,26.871621,141.550000,DoS-UDP_Flood,DoS
9.500000,1.579375,141.550000,DDoS-SynonymousIP_Flood,DDoS
5.500000,14.892341,38.500000,Recon-PortScan,Recon
9.500000,1077.126604,141.550000,Mirai-udpplain,Mirai
13.500000,14.779370,244.600000,BenignTraffic,Benign
13.500000,4.764975,244.600000,BenignTraffic,Benign
13.500000,1.759351,244.600000,DNS_Spoofing,Spoofing
9.500000,0.585983,141.550000,DDoS-SynonymousIP_Flood,DDoS
13.500000,25.657823,244.600000,DictionaryBruteForce,BruteForce
5.500000,338874.638165,38.500000,MITM-ArpSpoofing,Spoofing
9.500000,6.150238,141.550000,VulnerabilityScan,Recon
5.500000,87.637565,38.500000,Recon-OSScan,Recon
13.500000,81.041677,244.600000,Recon-PingSweep,Recon
9.500000,44.843039,141.550000,DoS-TCP_Flood,DoS
13.500000,0.463339,244.600000,Backdoor_Malware,Web
5.500000,50.291107,38.500000,Recon-PortScan,Recon
9.500000,2.065749,141.550000,DDoS-HTTP_Flood,DDoS
13.500000,56.852381,244.600000,BenignTraffic,Benign
9.500000,81.050572,141.550000,DDoS-SlowLoris,DDoS
13.500000,164.089360,244.600000,DNS_Spoofing,Spoofing
5.500000,49.754792,38.500000,BenignTraffic,Benign
9.500000,14.556252,141.550000,Mirai-greeth_flood,Mirai
9.500000,36.654850,141.550000,DDoS-SYN_Flood,DDoS
13.500000,14.830527,244.600000,DNS_Spoofing,Spoofing
13.500000,2.490733,244.600000,DictionaryBruteForce,BruteForce
9.500000,0.428037,141.550000,DoS-SYN_Flood,DoS
5.500000,8.937945,38.500000,BrowserHijacking,Web
9.500000,0.998962,141.550000,DoS-UDP_Flood,DoS
13.500000,64.203773,244.600000,Recon-PingSweep,Recon
13.500000,2.545204,244.600000,BrowserHijacking,Web
9.500000,1505.472175,141.550000,Mirai-udpplain,Mirai
5.500000,3.266746,38.500000,DictionaryBruteForce,BruteForce
9.500000,3.129472,141.550000,Mirai-greip_flood,Mirai
9.500000,0.997911,141.550000,DoS-SYN_Flood,DoS
5.500000,81.902483,38.500000,MITM-ArpSpoofing,Spoofing
5.500000,433.012856,38.500000,BenignTraffic,Benign
9.500000,0.356913,141.550000,DoS-TCP_Flood,DoS
13.500000,0.350144,244.600000,CommandInjection,Web
9.500000,1.816201,141.550000,DoS-SYN_Flood,DoS
9.500000,10573.041098,141.550000,Mirai-greeth_flood,Mirai
13.500000,55.077349,244.600000,BenignTraffic,Benign
13.500000,47.263529,244.600000,Recon-PingSweep,Recon
5.500000,444.990348,38.500000,MITM-ArpSpoofing,Spoofing
13.500000,15.140547,244.600000,DNS_Spoofing,Spoofing
9.500000,17806.773352,141.550000,DoS-UDP_Flood,DoS
5.500000,44.563375,38.500000,BrowserHijacking,Web
5.500000,19.484646,38.500000,Recon-HostDiscovery,Recon
9.500000,0.341819,141.550000,DDoS-SYN_Flood,DDoS
9.500000,16.260931,141.550000,Mirai-greeth_flood,Mirai
5.500000,7.461289,38.500000,DictionaryBruteForce,BruteForce
5.500000,13.798356,38.500000,Recon-PingSweep,Recon
13.500000,0.915754,244.600000,BrowserHijacking,Web
5.500000,1165.003810,38.500000,MITM-ArpSpoofing,Spoofing
9.500000,9.437554,141.550000,DoS-SYN_Flood,DoS
5.500000,38.984145,38.500000,Uploading_Attack,Web
9.500000,2.424260,141.550000,DDoS-SYN_Flood,DDoS
5.500000,18.271394,38.500000,BenignTraffic,Benign
13.500000,27.103359,244.600000,Recon-HostDiscovery,Recon
13.500000,50.213377,244.600000,DNS_Spoofing,Spoofing
13.500000,1.796390,244.600000,DictionaryBruteForce,BruteForce
13.500000,15.478196,244.600000,DictionaryBruteForce,BruteForce
9.500000,4.492359,141.550000,DoS-TCP_Flood,DoS
9.500000,68.117549,141.550000,DoS-SYN_Flood,DoS
9.500000,0.381982,141.550000,DoS-UDP_Flood,DoS
5.500000,6.513852,38.500000,Recon-PingSweep,Recon
13.500000,24.139369,244.600000,BenignTraffic,Benign
13.500000,155.868491,244.600000,DictionaryBruteForce,BruteForce
9.500000,0.304570,141.550000,DoS-SYN_Flood,DoS
9.500000,98752.993252,141.550000,DDoS-SlowLoris,DDoS
9.500000,1334.488287,141.550000,Mirai-udpplain,Mirai
13.500000,89.433390,244.600000,BenignTraffic,Benign
9.500000,1.113601,141.550000,DDoS-SYN_Flood,DDoS
5.500000,44.108085,38.500000,Recon-HostDiscovery,Recon
5.500000,32.033856,38.500000,BenignTraffic,Benign
5.500000,0.180801,38.500000,DNS_Spoofing,Spoofing
13.500000,419440.572172,244.600000,Recon-OSScan,Recon
5.500000,25.278294,38.500000,Backdoor_Malware,Web
9.500000,4141.754539,141.550000,DDoS-UDP_Flood,DDoS
9.500000,5.006893,141.550000,DDoS-ICMP_Flood,DDoS
13.500000,12.516472,244.600000,Recon-OSScan,Recon
5.500000,2.461325,38.500000,Recon-PortScan,Recon
9.500000,2.634646,141.550000,DDoS-ICMP_Fragmentation,DDoS
13.500000,5.684301,244.600000,BenignTraffic,Benign
5.500000,64542.908125,38.500000,Recon-HostDiscovery,Recon
9.500000,23022.608466,141.550000,DoS-UDP_Flood,DoS
13.500000,135.777814,244.600000,DictionaryBruteForce,BruteForce
5.500000,2.085010,38.500000,DNS_Spoofing,Spoofing
5.500000,1795.469236,38.500000,MITM-ArpSpoofing,Spoofing
9.500000,576.695174,141.550000,DoS-TCP_Flood,DoS
5.500000,16.323322,38.500000,Recon-PingSweep,Recon
9.500000,5.632343,141.550000,Mirai-greip_flood,Mirai
9.500000,8.526715,141.550000,Mirai-greip_flood,Mirai
5.500000,35.014477,38.500000,BenignTraffic,Benign
13.500000,34.919374,244.600000,DictionaryBruteForce,BruteForce
9.500000,0.398512,141.550000,Mirai-greip_flood,Mirai
13.500000,2.632738,244.600000,Recon-PortScan,Recon
13.500000,8.894967,244.600000,BenignTraffic,Benign
5.500000,22.871064,38.500000,DNS_Spoofing,Spoofing
9.500000,0.245140,141.550000,DoS-HTTP_Flood,DoS
13.500000,2164.882605,244.600000,DNS_Spoofing,Spoofing
9.500000,2.124739,141.550000,Mirai-greip_flood,Mirai
9.500000,136.055539,141.550000,DDoS-SlowLoris,DDoS
9.500000,3.794078,141.550000,DoS-UDP_Flood,DoS
13.500000,23.505844,244.600000,DictionaryBruteForce,BruteForce
9.500000,49.424122,141.550000,Mirai-greeth_flood,Mirai
13.500000,39.221393,244.600000,BenignTraffic,Benign
5.500000,162.837447,38.500000,Recon-PortScan,Recon
13.500000,30.861354,244.600000,Recon-PortScan,Recon
5.500000,1.033013,38.500000,Recon-HostDiscovery,Recon
13.500000,0.961311,244.600000,DictionaryBruteForce,BruteForce
9.500000,123.616387,141.550000,DDoS-SYN_Flood,DDoS
5.500000,53.321599,38.500000,Uploading_Attack,Web
5.500000,611.019004,38.500000,MITM-ArpSpoofing,Spoofing
5.500000,5.127099,38.500000,Recon-PingSweep,Recon
13.500000,227.504341,244.600000,DictionaryBruteForce,BruteForce
13.500000,34.198723,244.600000,DNS_Spoofing,Spoofing
5.500000,0.872812,38.500000,DictionaryBruteForce,BruteForce
9.500000,1.888429,141.550000,DDoS-RSTFINFlood,DDoS
13.500000,136.763029,244.600000,BenignTraffic,Benign
13.500000,98.662046,244.600000,Recon-PingSweep,Recon
9.500000,49.271246,141.550000,VulnerabilityScan,Recon
9.500000,1277.261421,141.550000,Mirai-udpplain,Mirai
9.500000,0.342413,141.550000,DoS-TCP_Flood,DoS
9.500000,3744.069394,141.550000,DDoS-UDP_Flood,DDoS
9.500000,2.178576,141.550000,DoS-HTTP_Flood,DoS
9.500000,25.522579,141.550000,DDoS-RSTFINFlood,DDoS
13.500000,39.129937,244.600000,DictionaryBruteForce,BruteForce
9.500000,0.420928,141.550000,DoS-SYN_Flood,DoS
13.500000,353.093641,244.600000,BrowserHijacking,Web
5.500000,22.947894,38.500000,Recon-PingSweep,Recon
13.500000,747.423427,244.600000,MITM-ArpSpoofing,Spoofing
13.500000,3.503945,244.600000,Backdoor_Malware,Web
5.500000,136.152176,38.500000,MITM-ArpSpoofing,Spoofing
9.500000,14800.805132,141.550000,DoS-UDP_Flood,DoS
5.500000,70.312362,38.500000,BenignTraffic,Benign
9.500000,0.391800,141.550000,DoS-SYN_Flood,DoS
9.500000,1280.565495,141.550000,Mirai-udpplain,Mirai
13.500000,202.987962,244.600000,DictionaryBruteForce,BruteForce
13.500000,93210.169307,244.600000,BenignTraffic,Benign
9.500000,2.745240,141.550000,DDoS-SynonymousIP_Flood,DDoS
13.500000,49.001498,244.600000,MITM-ArpSpoofing,Spoofing
13.500000,16.979013,244.600000,BenignTraffic,Benign
5.500000,1936.669112,38.500000,CommandInjection,Web
5.500000,65.834868,38.500000,DictionaryBruteForce,BruteForce
9.500000,0.250466,141.550000,DoS-SYN_Flood,DoS
5.500000,2.626297,38.500000,BrowserHijacking,Web
5.500000,73.569594,38.500000,BenignTraffic,Benign
5.500000,98.041836,38.500000,DictionaryBruteForce,BruteForce
9.500000,4.961095,141.550000,VulnerabilityScan,Recon
13.500000,79.241604,244.600000,Recon-OSScan,Recon
13.500000,80.860681,244.600000,BenignTraffic,Benign
5.500000,1.291873,38.500000,DictionaryBruteForce,BruteForce
9.500000,23.066370,141.550000,DoS-UDP_Flood,DoS
5.500000,124.032636,38.500000,DNS_Spoofing,Spoofing
5.500000,8.391381,38.500000,DictionaryBruteForce,BruteForce
9.500000,7.571840,141.550000,DDoS-RSTFINFlood,DDoS
9.500000,21.035129,141.550000,Mirai-greip_flood,Mirai
13.500000,0.243311,244.600000,Recon-PingSweep,Recon
13.500000,60.869988,244.600000,DictionaryBruteForce,BruteForce
5.500000,3574.000544,38.500000,BenignTraffic,Benign
13.500000,1.113043,244.600000,DictionaryBruteForce,BruteForce
13.500000,86.230628,244.600000,DictionaryBruteForce,BruteForce
5.500000,147.902723,38.500000,DictionaryBruteForce,BruteForce
13.500000,23.949569,244.600000,DNS_Spoofing,Spoofing
13.500000,40.958337,244.600000,BenignTraffic,Benign
9.500000,11.540727,141.550000,Mirai-greeth_flood,Mirai
5.500000,2151.632143,38.500000,MITM-ArpSpoofing,Spoofing
13.500000,65.845233,244.600000,BenignTraffic,Benign
9.500000,0.000000,141.550000,Mirai-greip_flood,Mirai
13.500000,96.012028,244.600000,BenignTraffic,Benign
13.500000,16.717833,244.600000,Uploading_Attack,Web
9.500000,2502.568019,141.550000,Mirai-greeth_flood,Mirai
5.500000,57.569062,38.500000,Recon-OSScan,Recon
9.500000,45.767610,141.550000,Mirai-greeth_flood,Mirai
9.500000,22.899662,141.550000,VulnerabilityScan,Recon
9.500000,14448.027805,141.550000,DoS-UDP_Flood,DoS
9.500000,0.445530,141.550000,DoS-SYN_Flood,DoS
5.500000,17.819675,38.500000,Recon-PingSweep,Recon
9.500000,1230.318892,141.550000,Mirai-udpplain,Mirai
5.500000,1.063650,38.500000,DictionaryBruteForce,BruteForce
13.500000,0.068047,244.600000,XSS,Web
13.500000,25.742369,244.600000,Backdoor_Malware,Web
9.500000,23937.412367,141.550000,DoS-UDP_Flood,DoS
13.500000,109.071729,244.600000,DictionaryBruteForce,BruteForce
5.500000,0.523041,38.500000,XSS,Web
13.500000,39.787207,244.600000,BenignTraffic,Benign
13.500000,14.671858,244.600000,Uploading_Attack,Web
5.500000,0.891661,38.500000,Uploading_Attack,Web
9.500000,3.793476,141.550000,DDoS-SYN_Flood,DDoS
13.500000,15.593760,244.600000,BenignTraffic,Benign
5.500000,42.902859,38.500000,DNS_Spoofing,Spoofing
5.500000,3.011080,38.500000,BenignTraffic,Benign
13.500000,68.323315,244.600000,BenignTraffic,Benign
9.500000,855.160285,141.550000,Mirai-udpplain,Mirai
5.500000,81.258706,38.500000,MITM-ArpSpoofing,Spoofing
9.500000,1217.209187,141.550000,Mirai-udpplain,Mirai
9.500000,0.000000,141.550000,DoS-UDP_Flood,DoS
13.500000,70.875426,244.600000,Uploading_Attack,Web
13.500000,122.811259,244.600000,XSS,Web
13.500000,35.902482,244.600000,Recon-PortScan,Recon
13.500000,55.762153,244.600000,BrowserHijacking,Web
9.500000,2.293791,141.550000,DoS-UDP_Flood,DoS
9.500000,1300.958322,141.550000,VulnerabilityScan,Recon
5.500000,24.201944,38.500000,Recon-HostDiscovery,Recon
9.500000,1500.970452,141.550000,Mirai-udpplain,Mirai
9.500000,3.282797,141.550000,DDoS-ACK_Fragmentation,DDoS
9.500000,3.056054,141.550000,Mirai-greeth_flood,Mirai
5.500000,63.722613,38.500000,DictionaryBruteForce,BruteForce
5.500000,11.364303,38.500000,XSS,Web
9.500000,10.768990,141.550000,DoS-HTTP_Flood,DoS
5.500000,63.129421,38.500000,Recon-PingSweep,Recon
13.500000,11.880878,244.600000,BenignTraffic,Benign
5.500000,65.143734,38.500000,DictionaryBruteForce,BruteForce
5.500000,134.267321,38.500000,DNS_Spoofing,Spoofing
9.500000,4.157551,141.550000,Mirai-greeth_flood,Mirai
9.500000,19.088706,141.550000,Mirai-greip_flood,Mirai
13.500000,31069.980156,244.600000,MITM-ArpSpoofing,Spoofing
9.500000,2310.935092,141.550000,Mirai-udpplain,Mirai
5.500000,12.679831,38.500000,Recon-PingSweep,Recon
9.500000,1.635022,141.550000,DoS-HTTP_Flood,DoS
5.500000,3.376392,38.500000,DNS_Spoofing,Spoofing
5.500000,8.445670,38.500000,Uploading_Attack,Web
9.500000,75.826483,141.550000,Mirai-greeth_flood,Mirai
5.500000,3.590675,38.500000,Backdoor_Malware,Web
9.500000,165.632192,141.550000,DDoS-PSHACK_Flood,DDoS
9.500000,34.141391,141.550000,Mirai-greip_flood,Mirai
5.500000,1.206574,38.500000,BenignTraffic,Benign
5.500000,19.930440,38.500000,BenignTraffic,Benign
9.500000,309758.486524,141.550000,DDoS-ACK_Fragmentation,DDoS
5.500000,31.937924,38.500000,BenignTraffic,Benign
13.500000,51.461610,244.600000,DictionaryBruteForce,BruteForce
13.500000,0.576545,244.600000,CommandInjection,Web
5.500000,19.237008,38.500000,Recon-PortScan,Recon
5.500000,0.456613,38.500000,SqlInjection,Web
5.500000,26.361876,38.500000,Backdoor_Malware,Web
9.500000,504.178159,141.550000,VulnerabilityScan,Recon
9.500000,1326.594212,141.550000,Mirai-udpplain,Mirai
9.500000,141.615511,141.550000,DoS-TCP_Flood,DoS
5.500000,36.710386,38.500000,DNS_Spoofing,Spoofing
9.500000,3.019409,141.550000,DDoS-RSTFINFlood,DDoS
13.500000,65.219681,244.600000,DictionaryBruteForce,BruteForce
5.500000,68.230516,38.500000,BenignTraffic,Benign
9.500000,2.155701,141.550000,DoS-HTTP_Flood,DoS
13.500000,46.080868,244.600000,Recon-PingSweep,Recon
9.500000,10002.471111,141.550000,DoS-UDP_Flood,DoS
13.500000,52.572248,244.600000,Uploading_Attack,Web
13.500000,2220.105059,244.600000,BenignTraffic,Benign
13.500000,91.829917,244.600000,DNS_Spoofing,Spoofing
9.500000,4.234770,141.550000,DoS-SYN_Flood,DoS
9.500000,2.054328,141.550000,DDoS-HTTP_Flood,DDoS
5.500000,44.854240,38.500000,DictionaryBruteForce,BruteForce
5.500000,1.401082,38.500000,DictionaryBruteForce,BruteForce
13.500000,10.609254,244.600000,XSS,Web
9.500000,15.524053,141.550000,VulnerabilityScan,Recon
9.500000,6.859839,141.550000,DDoS-ACK_Fragmentation,DDoS
9.500000,1784.965256,141.550000,Mirai-greeth_flood,Mirai
5.500000,6.852984,38.500000,BrowserHijacking,Web
9.500000,92.044691,141.550000,DoS-TCP_Flood,DoS
13.500000,128.356031,244.600000,CommandInjection,Web
13.500000,5.323230,244.600000,DictionaryBruteForce,BruteForce
13.500000,5.640686,244.600000,SqlInjection,Web
9.500000,2.834047,141.550000,DoS-UDP_Flood,DoS
5.500000,19.831432,38.500000,Recon-PingSweep,Recon
9.500000,578.664139,141.550000,Mirai-udpplain,Mirai
9.500000,98.468502,141.550000,DoS-HTTP_Flood,DoS
9.500000,33.239148,141.550000,DDoS-TCP_Flood,DDoS
13.500000,15.355150,244.600000,Recon-HostDiscovery,Recon
13.500000,4.461912,244.600000,DNS_Spoofing,Spoofing
13.500000,47.903422,244.600000,BenignTraffic,Benign
5.500000,59.504162,38.500000,DNS_Spoofing,Spoofing
5.500000,63.668818,38.500000,BenignTraffic,Benign
9.500000,22516.960022,141.550000,Mirai-udpplain,Mirai
9.500000,2.184588,141.550000,DoS-HTTP_Flood,DoS
5.500000,79.696047,38.500000,DictionaryBruteForce,BruteForce
9.500000,1.650334,141.550000,DoS-SYN_Flood,DoS
13.500000,19.595232,244.600000,Recon-PingSweep,Recon
9.500000,12.027805,141.550000,DDoS-ACK_Fragmentation,DDoS
5.500000,660.052561,38.500000,Recon-PortScan,Recon
13.500000,0.294804,244.600000,DictionaryBruteForce,BruteForce
9.500000,30.002604,141.550000,Mirai-greeth_flood,Mirai
13.500000,0.257575,244.600000,DNS_Spoofing,Spoofing
5.500000,68.732520,38.500000,MITM-ArpSpoofing,Spoofing
13.500000,47.727949,244.600000,DictionaryBruteForce,BruteForce
9.500000,12875.767540,141.550000,DDoS-UDP_Flood,DDoS
13.500000,0.138578,244.600000,Recon-HostDiscovery,Recon
5.500000,0.866146,38.500000,Uploading_Attack,Web
9.500000,8.004793,141.550000,Mirai-greip_flood,Mirai
5.500000,55.447456,38.500000,DictionaryBruteForce,BruteForce
9.500000,0.000000,141.550000,Mirai-greeth_flood,Mirai
13.500000,78.762501,244.600000,Recon-HostDiscovery,Recon
5.500000,11.072311,38.500000,DictionaryBruteForce,BruteForce
9.500000,52.858273,141.550000,Mirai-greeth_flood,Mirai
13.500000,12.913550,244.600000,Recon-OSScan,Recon
13.500000,0.544000,244.600000,DictionaryBruteForce,BruteForce
9.500000,11.072056,141.550000,VulnerabilityScan,Recon
5.500000,76.510122,38.500000,DictionaryBruteForce,BruteForce
5.500000,0.609907,38.500000,MITM-ArpSpoofing,Spoofing
13.500000,17.652817,244.600000,Recon-HostDiscovery,Recon
5.500000,3.187485,38.500000,BrowserHijacking,Web
13.500000,5.173200,244.600000,DictionaryBruteForce,BruteForce
13.500000,104.345851,244.600000,DictionaryBruteForce,BruteForce
9.500000,0.000000,141.550000,Mirai-greeth_flood,Mirai
13.500000,17.522273,244.600000,Backdoor_Malware,Web
9.500000,0.795320,141.550000,DDoS-RSTFINFlood,DDoS
5.500000,63.203827,38.500000,BenignTraffic,Benign
13.500000,28.091230,244.600000,Recon-HostDiscovery,Recon
5.500000,1101.404512,38.500000,MITM-ArpSpoofing,Spoofing
5.500000,0.202093,38.500000,BenignTraffic,Benign
13.500000,3.009694,244.600000,DictionaryBruteForce,BruteForce
9.500000,29.231324,141.550000,Mirai-greip_flood,Mirai
9.500000,11.519617,141.550000,DDoS-SynonymousIP_Flood,DDoS
13.500000,6.159661,244.600000,DictionaryBruteForce,BruteForce
9.500000,2534.028136,141.550000,DDoS-UDP_Flood,DDoS
5.500000,13.652400,38.500000,DictionaryBruteForce,BruteForce
13.500000,60.557984,244.600000,MITM-ArpSpoofing,Spoofing
9.500000,993.018903,141.550000,Mirai-udpplain,Mirai
13.500000,94.941816,244.600000,DictionaryBruteForce,BruteForce
9.500000,27.188892,141.550000,DDoS-PSHACK_Flood,DDoS
9.500000,221.876270,141.550000,DDoS-SlowLoris,DDoS
13.500000,284.580835,244.600000,DictionaryBruteForce,BruteForce
13.500000,42.426614,244.600000,BenignTraffic,Benign
5.500000,2.489442,38.500000,CommandInjection,Web
5.500000,33.852520,38.500000,Recon-HostDiscovery,Recon
9.500000,16.244232,141.550000,Mirai-greip_flood,Mirai
5.500000,47.575362,38.500000,DNS_Spoofing,Spoofing
13.500000,2.736311,244.600000,Recon-PingSweep,Recon
9.500000,0.334682,141.550000,DoS-SYN_Flood,DoS
5.500000,99.478017,38.500000,MITM-ArpSpoofing,Spoofing
9.500000,3.978206,141.550000,DDoS-SynonymousIP_Flood,DDoS
9.500000,11667.805858,141.550000,DoS-UDP_Flood,DoS
5.500000,45.767313,38.500000,BenignTraffic,Benign
9.500000,56.559066,141.550000,DoS-HTTP_Flood,DoS
9.500000,63.830819,141.550000,Mirai-greip_flood,Mirai
13.500000,5.031717,244.600000,DictionaryBruteForce,BruteForce
9.500000,2.517997,141.550000,Mirai-greip_flood,Mirai
13.500000,151.220940,244.600000,DNS_Spoofing,Spoofing
13.500000,33.588252,244.600000,BenignTraffic,Benign
9.500000,0.715837,141.550000,DDoS-HTTP_Flood,DDoS
13.500000,109.480352,244.600000,MITM-ArpSpoofing,Spoofing
13.500000,23.194332,244.600000,DictionaryBruteForce,BruteForce
5.500000,30.926555,38.500000,Uploading_Attack,Web
13.500000,65.428223,244.600000,Recon-PingSweep,Recon
5.500000,249.158862,38.500000,Uploading_Attack,Web
13.500000,86.589016,244.600000,Uploading_Attack,Web
9.500000,187.892944,141.550000,VulnerabilityScan,Recon
9.500000,16.148462,141.550000,DDoS-ICMP_Fragmentation,DDoS
9.500000,0.506272,141.550000,DoS-SYN_Flood,DoS
5.500000,0.046744,38.500000,DNS_Spoofing,Spoofing
5.500000,0.297995,38.500000,Backdoor_Malware,Web
13.500000,64529.763293,244.600000,BrowserHijacking,Web
9.500000,218.381839,141.550000,Mirai-greeth_flood,Mirai
9.500000,2.837217,141.550000,DDoS-RSTFINFlood,DDoS
13.500000,554.419340,244.600000,MITM-ArpSpoofing,Spoofing
5.500000,314.145701,38.500000,Recon-PingSweep,Recon
13.500000,23.032912,244.600000,DNS_Spoofing,Spoofing
9.500000,38.334078,141.550000,Mirai-greip_flood,Mirai
9.500000,4253.662609,141.550000,DoS-UDP_Flood,DoS
9.500000,3.104810,141.550000,DoS-HTTP_Flood,DoS
5.500000,0.412344,38.500000,Uploading_Attack,Web
9.500000,34.481006,141.550000,Mirai-greip_flood,Mirai
5.500000,38.349949,38.500000,DNS_Spoofing,Spoofing
9.500000,2524.146187,141.550000,Mirai-udpplain,Mirai
5.500000,4.144226,38.500000,DNS_Spoofing,Spoofing
9.500000,68.954851,141.550000,DDoS-UDP_Fragmentation,DDoS
5.500000,1002.102201,38.500000,MITM-ArpSpoofing,Spoofing
5.500000,137.095713,38.500000,SqlInjection,Web
5.500000,215.509735,38.500000,SqlInjection,Web
9.500000,0.477865,141.550000,DoS-SYN_Flood,DoS
13.500000,1.139304,244.600000,Backdoor_Malware,Web
5.500000,94.023144,38.500000,BenignTraffic,Benign
5.500000,2.860572,38.500000,DictionaryBruteForce,BruteForce
9.500000,3735.961904,141.550000,VulnerabilityScan,Recon
9.500000,22.291334,141.550000,DDoS-ICMP_Fragmentation,DDoS
9.500000,3.514692,141.550000,DDoS-RSTFINFlood,DDoS
13.500000,132.059534,244.600000,BenignTraffic,Benign
13.500000,9.727934,244.600000,DictionaryBruteForce,BruteForce
5.500000,5.152974,38.500000,DictionaryBruteForce,BruteForce
9.500000,31.819786,141.550000,VulnerabilityScan,Recon
9.500000,4506.987903,141.550000,DDoS-UDP_Flood,DDoS
9.500000,0.366474,141.550000,DoS-HTTP_Flood,DoS
5.500000,74.369172,38.500000,BenignTraffic,Benign
9.500000,0.000000,141.550000,DDoS-ICMP_Flood,DDoS
5.500000,70.279908,38.500000,Recon-PingSweep,Recon
5.500000,86.865886,38.500000,BenignTraffic,Benign
9.500000,1.544733,141.550000,DDoS-PSHACK_Flood,DDoS
9.500000,12.161739,141.550000,Mirai-greeth_flood,Mirai
5.500000,27.850413,38.500000,Backdoor_Malware,Web
9.500000,39.551433,141.550000,VulnerabilityScan,Recon
5.500000,13.239693,38.500000,Recon-PortScan,Recon
9.500000,5.924194,141.550000,DoS-SYN_Flood,DoS
9.500000,7.291001,141.550000,DDoS-SYN_Flood,DDoS
9.500000,5.220739,141.550000,DDoS-TCP_Flood,DDoS
9.500000,16763.200908,141.550000,DoS-UDP_Flood,DoS
13.500000,97.159925,244.600000,DictionaryBruteForce,BruteForce
9.500000,7.868008,141.550000,Mirai-greip_flood,Mirai
13.500000,0.419514,244.600000,DictionaryBruteForce,BruteForce
5.500000,9.126145,38.500000,DictionaryBruteForce,BruteForce
5.500000,5.309084,38.500000,BenignTraffic,Benign
13.500000,53.971277,244.600000,BenignTraffic,Benign
5.500000,1445.190391,38.500000,DNS_Spoofing,Spoofing
13.500000,284.275064,244.600000,MITM-ArpSpoofing,Spoofing
5.500000,307.366642,38.500000,DictionaryBruteForce,BruteForce
9.500000,16.182665,141.550000,Mirai-greeth_flood,Mirai
9.500000,6.902425,141.550000,DoS-HTTP_Flood,DoS
9.500000,0.410752,141.550000,DoS-TCP_Flood,DoS
9.500000,15793.020640,141.550000,DoS-UDP_Flood,DoS
9.500000,1.378773,141.550000,DDoS-HTTP_Flood,DDoS
9.500000,22.169275,141.550000,DoS-HTTP_Flood,DoS
5.500000,165.417702,38.500000,XSS,Web
5.500000,17.262184,38.500000,BenignTraffic,Benign
5.500000,2.833846,38.500000,CommandInjection,Web
9.500000,10135.556365,141.550000,DoS-UDP_Flood,DoS
5.500000,11.158405,38.500000,Recon-OSScan,Recon
9.500000,7.034873,141.550000,VulnerabilityScan,Recon
5.500000,811.661658,38.500000,MITM-ArpSpoofing,Spoofing
5.500000,23.554814,38.500000,DictionaryBruteForce,BruteForce
13.500000,1.158480,244.600000,Uploading_Attack,Web
9.500000,85.088379,141.550000,DDoS-TCP_Flood,DDoS
5.500000,411.906948,38.500000,MITM-ArpSpoofing,Spoofing
5.500000,1.270563,38.500000,DNS_Spoofing,Spoofing
9.500000,204.502664,141.550000,DoS-HTTP_Flood,DoS
9.500000,25.156920,141.550000,DoS-HTTP_Flood,DoS
13.500000,44.728928,244.600000,DictionaryBruteForce,BruteForce
9.500000,2371.718198,141.550000,Mirai-udpplain,Mirai
9.500000,255.574926,141.550000,DoS-TCP_Flood,DoS
9.500000,0.000000,141.550000,DDoS-ACK_Fragmentation,DDoS
5.500000,48.241131,38.500000,Recon-PortScan,Recon
9.500000,29.069175,141.550000,DDoS-SYN_Flood,DDoS
9.500000,2.371244,141.550000,DDoS-ICMP_Flood,DDoS
13.500000,40.881537,244.600000,DictionaryBruteForce,BruteForce
9.500000,64.389564,141.550000,Mirai-greeth_flood,Mirai
9.500000,54.302227,141.550000,Mirai-greeth_flood,Mirai
9.500000,11.494314,141.550000,Mirai-greip_flood,Mirai
5.500000,14.616526,38.500000,Recon-OSScan,Recon
13.500000,0.298512,244.600000,BrowserHijacking,Web
9.500000,773.088084,141.550000,Mirai-udpplain,Mirai
13.500000,1.243866,244.600000,DictionaryBruteForce,BruteForce
13.500000,90.312555,244.600000,BenignTraffic,Benign
13.500000,91.824704,244.600000,XSS,Web
5.500000,12.097141,38.500000,DictionaryBruteForce,BruteForce
13.500000,69940.716464,244.600000,BenignTraffic,Benign
13.500000,38.972841,244.600000,BenignTraffic,Benign
5.500000,96.019418,38.500000,SqlInjection,Web
13.500000,86.293119,244.600000,BenignTraffic,Benign
13.500000,10.413367,244.600000,Recon-PortScan,Recon
9.500000,0.000000,141.550000,Mirai-greip_flood,Mirai
5.500000,8.731699,38.500000,SqlInjection,Web
9.500000,13.500921,141.550000,DDoS-ICMP_Fragmentation,DDoS
9.500000,123.594531,141.550000,Mirai-greip_flood,Mirai
13.500000,1.172936,244.600000,Uploading_Attack,Web
13.500000,10.611005,244.600000,BenignTraffic,Benign
9.500000,1.753197,141.550000,Mirai-greeth_flood,Mirai
13.500000,8.072271,244.600000,BenignTraffic,Benign
13.500000,1.170915,244.600000,DNS_Spoofing,Spoofing
9.500000,14.125434,141.550000,DoS-TCP_Flood,DoS
13.500000,36.199413,244.600000,BenignTraffic,Benign
13.500000,1.680064,244.600000,DictionaryBruteForce,BruteForce
5.500000,1048.500349,38.500000,BrowserHijacking,Web
13.500000,23.756910,244.600000,BenignTraffic,Benign
5.500000,156.025142,38.500000,SqlInjection,Web
13.500000,68.886637,244.600000,BenignTraffic,Benign
9.500000,871.815423,141.550000,Mirai-greip_flood,Mirai
13.500000,186474.343447,244.600000,MITM-ArpSpoofing,Spoofing
5.500000,0.252130,38.500000,DNS_Spoofing,Spoofing
5.500000,1.359827,38.500000,DictionaryBruteForce,BruteForce
9.500000,2697.677293,141.550000,DoS-UDP_Flood,DoS
5.500000,105.386176,38.500000,MITM-ArpSpoofing,Spoofing
5.500000,1087.165506,38.500000,BrowserHijacking,Web
9.500000,0.392851,141.550000,DoS-TCP_Flood,DoS
13.500000,140.919158,244.600000,Recon-OSScan,Recon
5.500000,72.844116,38.500000,BenignTraffic,Benign
13.500000,8.810684,244.600000,DictionaryBruteForce,BruteForce
13.500000,0.196568,244.600000,DictionaryBruteForce,BruteForce
13.500000,8.410305,244.600000,BenignTraffic,Benign
9.500000,2153.036911,141.550000,DDoS-UDP_Fragmentation,DDoS
9.500000,9067.321785,141.550000,DDoS-UDP_Flood,DDoS
5.500000,41.352308,38.500000,CommandInjection,Web
5.500000,36.149200,38.500000,BenignTraffic,Benign
13.500000,0.734839,244.600000,Uploading_Attack,Web
5.500000,26.644265,38.500000,Recon-PortScan,Recon
5.500000,41.764280,38.500000,DNS_Spoofing,Spoofing
13.500000,15.402175,244.600000,BenignTraffic,Benign
13.500000,68.630032,244.600000,BenignTraffic,Benign
9.500000,39.095461,141.550000,DDoS-ICMP_Fragmentation,DDoS
9.500000,10.675907,141.550000,Mirai-greeth_flood,Mirai
9.500000,3.583529,141.550000,DDoS-ACK_Fragmentation,DDoS
13.500000,1050.695344,244.600000,CommandInjection,Web
9.500000,14.612336,141.550000,DDoS-ICMP_Fragmentation,DDoS
13.500000,2.569873,244.600000,Backdoor_Malware,Web
13.500000,3.055852,244.600000,DictionaryBruteForce,BruteForce
9.500000,35.369451,141.550000,DDoS-ICMP_Flood,DDoS
13.500000,27.081174,244.600000,BenignTraffic,Benign
13.500000,17.257769,244.600000,DictionaryBruteForce,BruteForce
9.500000,58.499448,141.550000,Mirai-greeth_flood,Mirai
9.500000,30.787598,141.550000,VulnerabilityScan,Recon
13.500000,46.623005,244.600000,Recon-PortScan,Recon
13.500000,37.354394,244.600000,DictionaryBruteForce,BruteForce
13.500000,2.589084,244.600000,DictionaryBruteForce,BruteForce
9.500000,3.688065,141.550000,DoS-HTTP_Flood,DoS
5.500000,11.982658,38.500000,BenignTraffic,Benign
5.500000,13.617156,38.500000,DictionaryBruteForce,BruteForce
5.500000,39.983224,38.500000,BenignTraffic,Benign
5.500000,146.101490,38.500000,BenignTraffic,Benign
5.500000,136.950440,38.500000,MITM-ArpSpoofing,Spoofing
9.500000,19.997858,141.550000,DoS-TCP_Flood,DoS
5.500000,0.596194,38.500000,Backdoor_Malware,Web
13.500000,3.378778,244.600000,DictionaryBruteForce,BruteForce
9.500000,73640.049350,141.550000,DDoS-SlowLoris,DDoS
9.500000,21625.074365,141.550000,VulnerabilityScan,Recon
5.500000,1181.814444,38.500000,MITM-ArpSpoofing,Spoofing
9.500000,27.684586,141.550000,DoS-HTTP_Flood,DoS
5.500000,69.742834,38.500000,XSS,Web
13.500000,190.776209,244.600000,MITM-ArpSpoofing,Spoofing
9.500000,34.715312,141.550000,DDoS-ACK_Fragmentation,DDoS
9.500000,0.665005,141.550000,DDoS-SynonymousIP_Flood,DDoS
9.500000,78.795654,141.550000,VulnerabilityScan,Recon
9.500000,5.433297,141.550000,Mirai-greeth_flood,Mirai
9.500000,2.791876,141.550000,DoS-HTTP_Flood,DoS
9.500000,28.247261,141.550000,DoS-TCP_Flood,DoS
5.500000,0.415870,38.500000,Uploading_Attack,Web
13.500000,21.775445,244.600000,BenignTraffic,Benign
13.500000,7.064400,244.600000,BenignTraffic,Benign
9.500000,101.071219,141.550000,DDoS-PSHACK_Flood,DDoS
13.500000,143.303371,244.600000,MITM-ArpSpoofing,Spoofing
13.500000,1.933991,244.600000,XSS,Web
13.500000,13.505346,244.600000,Recon-PingSweep,Recon
13.500000,102.601941,244.600000,MITM-ArpSpoofing,Spoofing
9.500000,36.266737,141.550000,VulnerabilityScan,Recon
9.500000,1142.779042,141.550000,Mirai-udpplain,Mirai
13.500000,93.815256,244.600000,BenignTraffic,Benign
13.500000,577.511414,244.600000,Recon-OSScan,Recon
5.500000,34.779585,38.500000,BenignTraffic,Benign
13.500000,64.294631,244.600000,BenignTraffic,Benign
5.500000,4.168795,38.500000,Recon-PortScan,Recon
13.500000,35.317123,244.600000,BrowserHijacking,Web
5.500000,17.216268,38.500000,Recon-HostDiscovery,Recon
9.500000,3362.428621,141.550000,VulnerabilityScan,Recon
5.500000,102.252457,38.500000,Recon-PingSweep,Recon
9.500000,23.108576,141.550000,VulnerabilityScan,Recon
9.500000,28.340627,141.550000,VulnerabilityScan,Recon
5.500000,63.224816,38.500000,Recon-HostDiscovery,Recon
13.500000,406.903841,244.600000,DNS_Spoofing,Spoofing
5.500000,157.232848,38.500000,MITM-ArpSpoofing,Spoofing
9.500000,72.272375,141.550000,DDoS-SlowLoris,DDoS
13.500000,17.574079,244.600000,SqlInjection,Web
9.500000,21.001763,141.550000,Mirai-greip_flood,Mirai
9.500000,122.549490,141.550000,DoS-HTTP_Flood,DoS
13.500000,1945.113676,244.600000,MITM-ArpSpoofing,Spoofing
9.500000,2315.452444,141.550000,Mirai-udpplain,Mirai
13.500000,75.895257,244.600000,BenignTraffic,Benign
13.500000,137.261640,244.600000,Recon-OSScan,Recon
13.500000,346.949563,244.600000,MITM-ArpSpoofing,Spoofing
9.500000,29.274500,141.550000,DoS-TCP_Flood,DoS
5.500000,3.828440,38.500000,DNS_Spoofing,Spoofing
5.500000,60.097426,38.500000,MITM-ArpSpoofing,Spoofing
13.500000,8.078378,244.600000,Recon-HostDiscovery,Recon
13.500000,0.985499,244.600000,Recon-HostDiscovery,Recon
5.500000,59.985291,38.500000,BenignTraffic,Benign
13.500000,3.586612,244.600000,DictionaryBruteForce,BruteForce
9.500000,38.141355,141.550000,VulnerabilityScan,Recon
5.500000,315.932693,38.500000,BenignTraffic,Benign
9.500000,1.278565,141.550000,DDoS-PSHACK_Flood,DDoS
13.500000,124.167630,244.600000,DNS_Spoofing,Spoofing
13.500000,43471.884658,244.600000,XSS,Web
5.500000,94.749979,38.500000,Uploading_Attack,Web
9.500000,1679.123042,141.550000,Mirai-greip_flood,Mirai
5.500000,16.773310,38.500000,Recon-PortScan,Recon
13.500000,55.848182,244.600000,BenignTraffic,Benign
13.500000,245.804704,244.600000,BenignTraffic,Benign
13.500000,29.447402,244.600000,Recon-PortScan,Recon
5.500000,60.203167,38.500000,MITM-ArpSpoofing,Spoofing
13.500000,1.148785,244.600000,DictionaryBruteForce,BruteForce
9.500000,755059.432022,141.550000,DDoS-TCP_Flood,DDoS
9.500000,11.552090,141.550000,DoS-TCP_Flood,DoS
13.500000,0.321006,244.600000,Uploading_Attack,Web
9.500000,4.212815,141.550000,DoS-HTTP_Flood,DoS
13.500000,45.529771,244.600000,DictionaryBruteForce,BruteForce
9.500000,0.739168,141.550000,DoS-SYN_Flood,DoS
13.500000,37.757169,244.600000,BenignTraffic,Benign
9.500000,2.226115,141.550000,Mirai-greip_flood,Mirai
13.500000,0.070760,244.600000,XSS,Web
9.500000,1638.785636,141.550000,Mirai-udpplain,Mirai
5.500000,61.061628,38.500000,DictionaryBruteForce,BruteForce
13.500000,129.728166,244.600000,BenignTraffic,Benign
13.500000,89.182382,244.600000,DictionaryBruteForce,BruteForce
13.500000,158.055648,244.600000,Recon-OSScan,Recon
13.500000,3.471988,244.600000,Uploading_Attack,Web
9.500000,9.542947,141.550000,VulnerabilityScan,Recon
9.500000,0.360127,141.550000,DoS-HTTP_Flood,DoS
5.500000,61.469308,38.500000,DictionaryBruteForce,BruteForce
9.500000,7.822925,141.550000,DDoS-TCP_Flood,DDoS
9.500000,14.589330,141.550000,DoS-SYN_Flood,DoS
5.500000,17.413099,38.500000,Recon-OSScan,Recon
13.500000,68.378988,244.600000,DNS_Spoofing,Spoofing
9.500000,37.495917,141.550000,DDoS-TCP_Flood,DDoS
9.500000,33.512011,141.550000,Mirai-greip_flood,Mirai
9.500000,750.576870,141.550000,Mirai-udpplain,Mirai
5.500000,0.856639,38.500000,Recon-HostDiscovery,Recon
13.500000,162.922101,244.600000,BrowserHijacking,Web
13.500000,7.552142,244.600000,DNS_Spoofing,Spoofing
13.500000,72.431704,244.600000,BenignTraffic,Benign
9.500000,4.624906,141.550000,Mirai-greip_flood,Mirai
9.500000,23.516011,141.550000,DDoS-SYN_Flood,DDoS
13.500000,38.884596,244.600000,MITM-ArpSpoofing,Spoofing
9.500000,22.910818,141.550000,DDoS-SYN_Flood,DDoS
13.500000,33.529496,244.600000,BenignTraffic,Benign
13.500000,12.513103,244.600000,DictionaryBruteForce,BruteForce
5.500000,26.059581,38.500000,DictionaryBruteForce,BruteForce
5.500000,7.984111,38.500000,Uploading_Attack,Web
9.500000,33695.044087,141.550000,Mirai-greip_flood,Mirai
5.500000,99.232097,38.500000,DictionaryBruteForce,BruteForce
9.500000,31.208327,141.550000,DDoS-SYN_Flood,DDoS
9.500000,1.351642,141.550000,DDoS-TCP_Flood,DDoS
5.500000,0.625721,38.500000,Recon-PingSweep,Recon
13.500000,509.441652,244.600000,MITM-ArpSpoofing,Spoofing
13.500000,1.808634,244.600000,XSS,Web
13.500000,5.320039,244.600000,DictionaryBruteForce,BruteForce
13.500000,618.591162,244.600000,MITM-ArpSpoofing,Spoofing
9.500000,3.074817,141.550000,DDoS-RSTFINFlood,DDoS
5.500000,480.199668,38.500000,DNS_Spoofing,Spoofing
13.500000,1039.589027,244.600000,CommandInjection,Web
9.500000,2366.266290,141.550000,Mirai-udpplain,Mirai
5.500000,33.363623,38.500000,DNS_Spoofing,Spoofing
5.500000,2194.620350,38.500000,MITM-ArpSpoofing,Spoofing
13.500000,215.451918,244.600000,DNS_Spoofing,Spoofing
5.500000,2.020852,38.500000,DictionaryBruteForce,BruteForce
5.500000,17.588235,38.500000,Uploading_Attack,Web
5.500000,0.393616,38.500000,DictionaryBruteForce,BruteForce
9.500000,16.517762,141.550000,DoS-UDP_Flood,DoS
9.500000,26.055541,141.550000,VulnerabilityScan,Recon
13.500000,70.435632,244.600000,DictionaryBruteForce,BruteForce
5.500000,62.132715,38.500000,BenignTraffic,Benign
9.500000,263.023485,141.550000,DDoS-SYN_Flood,DDoS
5.500000,13.784991,38.500000,MITM-ArpSpoofing,Spoofing
5.500000,450.543362,38.500000,DictionaryBruteForce,BruteForce
13.500000,62.352393,244.600000,XSS,Web
5.500000,106.339863,38.500000,Backdoor_Malware,Web
13.500000,24.282364,244.600000,DictionaryBruteForce,BruteForce
13.500000,102.241899,244.600000,BenignTraffic,Benign
9.500000,0.488980,141.550000,Mirai-greip_flood,Mirai
9.500000,20.620254,141.550000,Mirai-greip_flood,Mirai
5.500000,1.063094,38.500000,DictionaryBruteForce,BruteForce
5.500000,9.726178,38.500000,DictionaryBruteForce,BruteForce
13.500000,73.415939,244.600000,DictionaryBruteForce,BruteForce
5.500000,19.626502,38.500000,Recon-PingSweep,Recon
13.500000,2436.771059,244.600000,BenignTraffic,Benign
5.500000,76.228612,38.500000,BenignTraffic,Benign
9.500000,6.021166,141.550000,DoS-HTTP_Flood,DoS
13.500000,38.299909,244.600000,BenignTraffic,Benign
5.500000,9.226540,38.500000,Recon-PingSweep,Recon
9.500000,26.071172,141.550000,DDoS-SYN_Flood,DDoS
9.500000,1.916541,141.550000,DDoS-ACK_Fragmentation,DDoS
13.500000,0.194084,244.600000,SqlInjection,Web
9.500000,80.382989,141.550000,DDoS-RSTFINFlood,DDoS
5.500000,42.254901,38.500000,BenignTraffic,Benign
9.500000,3.179218,141.550000,DoS-TCP_Flood,DoS
9.500000,2.805348,141.550000,Mirai-greeth_flood,Mirai
5.500000,956.990587,38.500000,Uploading_Attack,Web
9.500000,1.964108,141.550000,Mirai-greip_flood,Mirai
9.500000,9.645803,141.550000,DoS-TCP_Flood,DoS
13.500000,203.201975,244.600000,BenignTraffic,Benign
13.500000,3.139919,244.600000,DictionaryBruteForce,BruteForce
9.500000,20.379497,141.550000,DDoS-ICMP_Fragmentation,DDoS
5.500000,0.190599,38.500000,DNS_Spoofing,Spoofing
9.500000,3168.986983,141.550000,VulnerabilityScan,Recon
9.500000,1.207508,141.550000,Mirai-greip_flood,Mirai
9.500000,762.844086,141.550000,Mirai-udpplain,Mirai
5.500000,47.318678,38.500000,CommandInjection,Web
9.500000,1.298433,141.550000,DDoS-ICMP_Flood,DDoS
13.500000,99.972031,244.600000,DictionaryBruteForce,BruteForce
13.500000,90.453934,244.600000,DictionaryBruteForce,BruteForce
13.500000,89.626789,244.600000,BenignTraffic,Benign
9.500000,250858.870834,141.550000,DoS-UDP_Flood,DoS
5.500000,766.539246,38.500000,MITM-ArpSpoofing,Spoofing
13.500000,5.281106,244.600000,Recon-HostDiscovery,Recon
9.500000,4.119771,141.550000,DoS-SYN_Flood,DoS
9.500000,29.468138,141.550000,Mirai-greip_flood,Mirai
13.500000,4.184227,244.600000,XSS,Web
13.500000,3.335426,244.600000,DictionaryBruteForce,BruteForce
13.500000,994.617437,244.600000,DNS_Spoofing,Spoofing
13.500000,124.851505,244.600000,Backdoor_Malware,Web
9.500000,3.999195,141.550000,DDoS-TCP_Flood,DDoS
5.500000,31.152169,38.500000,DictionaryBruteForce,BruteForce
13.500000,0.818159,244.600000,Uploading_Attack,Web
13.500000,24.284750,244.600000,BenignTraffic,Benign
5.500000,1.734397,38.500000,BrowserHijacking,Web
5.500000,47.982440,38.500000,BenignTraffic,Benign
9.500000,1016.060671,141.550000,Mirai-udpplain,Mirai
9.500000,52.386852,141.550000,Mirai-greip_flood,Mirai
13.500000,424.135423,244.600000,DictionaryBruteForce,BruteForce
5.500000,49.423951,38.500000,DictionaryBruteForce,BruteForce
13.500000,47.183819,244.600000,DNS_Spoofing,Spoofing
9.500000,838.120728,141.550000,Mirai-udpplain,Mirai
5.500000,64.658287,38.500000,DictionaryBruteForce,BruteForce
5.500000,21.964458,38.500000,XSS,Web
9.500000,28.108777,141.550000,VulnerabilityScan,Recon
5.500000,71.471370,38.500000,BenignTraffic,Benign
9.500000,5.935240,141.550000,VulnerabilityScan,Recon
9.500000,24.912341,141.550000,DDoS-TCP_Flood,DDoS
9.500000,0.475830,141.550000,DoS-SYN_Flood,DoS
9.500000,136.224615,141.550000,DDoS-ACK_Fragmentation,DDoS
5.500000,75.278463,38.500000,DNS_Spoofing,Spoofing
5.500000,33.589587,38.500000,BenignTraffic,Benign
13.500000,9.951171,244.600000,BenignTraffic,Benign
5.500000,0.604776,38.500000,DNS_Spoofing,Spoofing
9.500000,2.182218,141.550000,DDoS-ACK_Fragmentation,DDoS
13.500000,30.693587,244.600000,DictionaryBruteForce,BruteForce
5.500000,68.294117,38.500000,DictionaryBruteForce,BruteForce
13.500000,248.684618,244.600000,MITM-ArpSpoofing,Spoofing
9.500000,1160.956038,141.550000,Mirai-udpplain,Mirai
13.500000,76.418103,244.600000,DictionaryBruteForce,BruteForce
9.500000,119885.605400,141.550000,DDoS-SlowLoris,DDoS
5.500000,0.188530,38.500000,CommandInjection,Web
5.500000,1751.612883,38.500000,MITM-ArpSpoofing,Spoofing
5.500000,16.519203,38.500000,DNS_Spoofing,Spoofing
5.500000,898.244644,38.500000,CommandInjection,Web
9.500000,10485.756871,141.550000,DoS-UDP_Flood,DoS
5.500000,25.699409,38.500000,SqlInjection,Web
9.500000,0.927913,141.550000,DDoS-ICMP_Fragmentation,DDoS
9.500000,18696.035208,141.550000,DoS-UDP_Flood,DoS
13.500000,78.750492,244.600000,BenignTraffic,Benign
5.500000,792.090319,38.500000,XSS,Web
9.500000,14.029108,141.550000,VulnerabilityScan,Recon
5.500000,3.464652,38.500000,Recon-PortScan,Recon
5.500000,160.426149,38.500000,DNS_Spoofing,Spoofing
5.500000,62.130382,38.500000,DictionaryBruteForce,BruteForce
13.500000,458.365504,244.600000,Backdoor_Malware,Web
13.500000,2.950281,244.600000,DictionaryBruteForce,BruteForce
9.500000,66.604270,141.550000,Mirai-greeth_flood,Mirai
5.500000,0.184143,38.500000,MITM-ArpSpoofing,Spoofing
13.500000,160.280603,244.600000,BrowserHijacking,Web
13.500000,75.132257,244.600000,BenignTraffic,Benign
5.500000,1.206418,38.500000,DNS_Spoofing,Spoofing
5.500000,1.107650,38.500000,MITM-ArpSpoofing,Spoofing
5.500000,0.259356,38.500000,Recon-HostDiscovery,Recon
9.500000,589.040401,141.550000,Mirai-udpplain,Mirai
13.500000,0.274838,244.600000,DNS_Spoofing,Spoofing
5.500000,138.076984,38.500000,DictionaryBruteForce,BruteForce
13.500000,391.279155,244.600000,MITM-ArpSpoofing,Spoofing
9.500000,3.962169,141.550000,Mirai-greeth_flood,Mirai
13.500000,1.847046,244.600000,CommandInjection,Web
9.500000,26.258465,141.550000,DDoS-PSHACK_Flood,DDoS
9.500000,3375.939607,141.550000,DoS-UDP_Flood,DoS
5.500000,2.617609,38.500000,DictionaryBruteForce,BruteForce
9.500000,4.849821,141.550000,Mirai-greeth_flood,Mirai
5.500000,1.495516,38.500000,DictionaryBruteForce,BruteForce
9.500000,8.107564,141.550000,DoS-TCP_Flood,DoS
13.500000,74.484606,244.600000,DNS_Spoofing,Spoofing
9.500000,34.404498,141.550000,Mirai-greeth_flood,Mirai
9.500000,0.763211,141.550000,DoS-SYN_Flood,DoS
13.500000,3573.990527,244.600000,MITM-ArpSpoofing,Spoofing
9.500000,0.425170,141.550000,DoS-TCP_Flood,DoS
9.500000,5062.679998,141.550000,DDoS-UDP_Flood,DDoS
13.500000,498.388806,244.600000,DNS_Spoofing,Spoofing
9.500000,35.675041,141.550000,DDoS-SlowLoris,DDoS
9.500000,0.337224,141.550000,DoS-UDP_Flood,DoS
5.500000,13.131688,38.500000,Recon-HostDiscovery,Recon
13.500000,143.518490,244.600000,BenignTraffic,Benign
13.500000,69.738124,244.600000,Recon-PortScan,Recon
9.500000,4.720522,141.550000,DDoS-PSHACK_Flood,DDoS
5.500000,300.879234,38.500000,BenignTraffic,Benign
13.500000,12.029434,244.600000,DictionaryBruteForce,BruteForce
9.500000,0.656705,141.550000,DoS-SYN_Flood,DoS
13.500000,175.918331,244.600000,DictionaryBruteForce,BruteForce
9.500000,1172.230575,141.550000,Mirai-udpplain,Mirai
5.500000,338.849272,38.500000,MITM-ArpSpoofing,Spoofing
9.500000,2.641304,141.550000,Mirai-greeth_flood,Mirai
5.500000,34.868746,38.500000,BenignTraffic,Benign
9.500000,11.600062,141.550000,Mirai-greeth_flood,Mirai
13.500000,183.988054,244.600000,BenignTraffic,Benign
13.500000,0.046539,244.600000,Recon-PortScan,Recon
5.500000,1131.165015,38.500000,MITM-ArpSpoofing,Spoofing
13.500000,9.783236,244.600000,DictionaryBruteForce,BruteForce
5.500000,14.395192,38.500000,Recon-OSScan,Recon
5.500000,26.533195,38.500000,SqlInjection,Web
13.500000,33.868823,244.600000,BenignTraffic,Benign
5.500000,37.839983,38.500000,DNS_Spoofing,Spoofing
9.500000,0.000000,141.550000,Mirai-greip_flood,Mirai
9.500000,0.273307,141.550000,DoS-TCP_Flood,DoS
13.500000,21.704879,244.600000,DictionaryBruteForce,BruteForce
5.500000,7.482137,38.500000,XSS,Web
9.500000,9.136872,141.550000,VulnerabilityScan,Recon
5.500000,23.249609,38.500000,BenignTraffic,Benign
5.500000,167829.831903,38.500000,BenignTraffic,Benign
9.500000,489.359935,141.550000,Mirai-greeth_flood,Mirai
5.500000,978.913833,38.500000,Recon-HostDiscovery,Recon
13.500000,933.671055,244.600000,CommandInjection,Web
9.500000,975.124178,141.550000,Mirai-udpplain,Mirai
9.500000,15747.260607,141.550000,DoS-UDP_Flood,DoS
13.500000,65.000162,244.600000,DNS_Spoofing,Spoofing
5.500000,175.917900,38.500000,DNS_Spoofing,Spoofing
9.500000,8142.410912,141.550000,DoS-UDP_Flood,DoS
5.500000,1413.350509,38.500000,MITM-ArpSpoofing,Spoofing
9.500000,0.412625,141.550000,DoS-TCP_Flood,DoS
9.500000,7.062728,141.550000,DoS-SYN_Flood,DoS
5.500000,11.482967,38.500000,DictionaryBruteForce,BruteForce
9.500000,11.633143,141.550000,DoS-TCP_Flood,DoS
9.500000,225.333814,141.550000,VulnerabilityScan,Recon
9.500000,537.969650,141.550000,Mirai-udpplain,Mirai
9.500000,0.598153,141.550000,DDoS-RSTFINFlood,DDoS
13.500000,0.183825,244.600000,CommandInjection,Web
5.500000,6.078942,38.500000,DictionaryBruteForce,BruteForce
9.500000,4.654695,141.550000,DDoS-ACK_Fragmentation,DDoS
13.500000,26.141401,244.600000,Recon-PingSweep,Recon
9.500000,1294.333488,141.550000,Mirai-udpplain,Mirai
13.500000,55.886416,244.600000,BenignTraffic,Benign
13.500000,60.332062,244.600000,DictionaryBruteForce,BruteForce
13.500000,0.442735,244.600000,Recon-HostDiscovery,Recon
5.500000,90.849842,38.500000,BenignTraffic,Benign
9.500000,9.759001,141.550000,Mirai-greip_flood,Mirai
13.500000,91.370986,244.600000,Recon-OSScan,Recon
9.500000,49.655576,141.550000,DoS-SYN_Flood,DoS
13.500000,11.271610,244.600000,CommandInjection,Web
9.500000,34.444194,141.550000,DDoS-ICMP_Flood,DDoS
9.500000,3.068309,141.550000,VulnerabilityScan,Recon
9.500000,10.994502,141.550000,DDoS-ICMP_Fragmentation,DDoS
9.500000,8.734648,141.550000,Mirai-greeth_flood,Mirai
9.500000,14.842526,141.550000,VulnerabilityScan,Recon
9.500000,18.089891,141.550000,DoS-SYN_Flood,DoS
5.500000,108.054589,38.500000,XSS,Web
9.500000,10208.939391,141.550000,DoS-UDP_Flood,DoS
9.500000,146.221967,141.550000,Mirai-greip_flood,Mirai
13.500000,35.537749,244.600000,DictionaryBruteForce,BruteForce
9.500000,3762.397813,141.550000,DoS-UDP_Flood,DoS
5.500000,15.835127,38.500000,SqlInjection,Web
9.500000,3.173621,141.550000,DDoS-RSTFINFlood,DDoS
5.500000,148.228957,38.500000,MITM-ArpSpoofing,Spoofing
13.500000,178.562293,244.600000,Recon-PortScan,Recon
5.500000,17.722554,38.500000,Uploading_Attack,Web
9.500000,2924.934202,141.550000,Mirai-udpplain,Mirai
5.500000,120.185958,38.500000,MITM-ArpSpoofing,Spoofing
9.500000,1.995406,141.550000,DDoS-HTTP_Flood,DDoS
9.500000,27686.670471,141.550000,DoS-UDP_Flood,DoS
9.500000,2.526329,141.550000,Mirai-greeth_flood,Mirai
5.500000,114.293703,38.500000,DictionaryBruteForce,BruteForce
9.500000,17.564840,141.550000,DDoS-SYN_Flood,DDoS
5.500000,158.839524,38.500000,CommandInjection,Web
13.500000,1.099929,244.600000,CommandInjection,Web
13.500000,170.231466,244.600000,CommandInjection,Web
9.500000,24.448386,141.550000,Mirai-greip_flood,Mirai
5.500000,550.664217,38.500000,MITM-ArpSpoofing,Spoofing
9.500000,0.471420,141.550000,DoS-TCP_Flood,DoS
13.500000,0.058716,244.600000,BrowserHijacking,Web
13.500000,69.182246,244.600000,BenignTraffic,Benign
13.500000,185.785967,244.600000,Recon-OSScan,Recon
5.500000,0.676885,38.500000,BenignTraffic,Benign
9.500000,112.733875,141.550000,Mirai-greip_flood,Mirai
5.500000,2.572912,38.500000,DictionaryBruteForce,BruteForce
9.500000,1.246837,141.550000,DDoS-SYN_Flood,DDoS
9.500000,1.255915,141.550000,DoS-TCP_Flood,DoS
13.500000,5.181011,244.600000,CommandInjection,Web
5.500000,1.127243,38.500000,DNS_Spoofing,Spoofing
13.500000,108.802137,244.600000,MITM-ArpSpoofing,Spoofing
9.500000,4.559773,141.550000,DDoS-PSHACK_Flood,DDoS
9.500000,4.674346,141.550000,DoS-TCP_Flood,DoS
9.500000,15.373380,141.550000,DDoS-SYN_Flood,DDoS
5.500000,5.171657,38.500000,Recon-PingSweep,Recon
5.500000,16.094661,38.500000,SqlInjection,Web
5.500000,1.009616,38.500000,DNS_Spoofing,Spoofing
5.500000,64567.230042,38.500000,CommandInjection,Web
13.500000,9.255650,244.600000,BenignTraffic,Benign
9.500000,13519.163554,141.550000,DoS-UDP_Flood,DoS
13.500000,25.667656,244.600000,BenignTraffic,Benign
5.500000,11.942683,38.500000,Recon-HostDiscovery,Recon
13.500000,92.095036,244.600000,XSS,Web
9.500000,10.888101,141.550000,Mirai-greeth_flood,Mirai
9.500000,6.054824,141.550000,DoS-HTTP_Flood,DoS
9.500000,10.902851,141.550000,DDoS-ACK_Fragmentation,DDoS
5.500000,69.346777,38.500000,SqlInjection,Web
9.500000,9071.717373,141.550000,DoS-UDP_Flood,DoS
5.500000,1.316665,38.500000,Recon-HostDiscovery,Recon
9.500000,1.729120,141.550000,Mirai-greeth_flood,Mirai
5.500000,1.972985,38.500000,MITM-ArpSpoofing,Spoofing
9.500000,19.792388,141.550000,DDoS-PSHACK_Flood,DDoS
5.500000,40.003096,38.500000,BenignTraffic,Benign
9.500000,24.275066,141.550000,DoS-HTTP_Flood,DoS
13.500000,53.188697,244.600000,DNS_Spoofing,Spoofing
9.500000,75.654834,141.550000,Mirai-greip_flood,Mirai
9.500000,667.713385,141.550000,Mirai-udpplain,Mirai
9.500000,4.908160,141.550000,DoS-SYN_Flood,DoS
9.500000,5377.742895,141.550000,DoS-UDP_Flood,DoS
13.500000,8.254560,244.600000,BenignTraffic,Benign
5.500000,46.264814,38.500000,DNS_Spoofing,Spoofing
9.500000,9.293419,141.550000,Mirai-greip_flood,Mirai
13.500000,2.866444,244.600000,DictionaryBruteForce,BruteForce
13.500000,2.678408,244.600000,DictionaryBruteForce,BruteForce
9.500000,1362.227468,141.550000,Mirai-udpplain,Mirai
9.500000,24.612496,141.550000,Mirai-greip_flood,Mirai
13.500000,43.906407,244.600000,BenignTraffic,Benign
9.500000,229.514665,141.550000,DoS-UDP_Flood,DoS
9.500000,4.957742,141.550000,DoS-TCP_Flood,DoS
9.500000,1.506161,141.550000,DoS-HTTP_Flood,DoS
13.500000,51.065453,244.600000,BenignTraffic,Benign
5.500000,80.865466,38.500000,DictionaryBruteForce,BruteForce
9.500000,331.946025,141.550000,Mirai-greip_flood,Mirai
13.500000,11.686339,244.600000,DNS_Spoofing,Spoofing
5.500000,117.134026,38.500000,DictionaryBruteForce,BruteForce
9.500000,277.493074,141.550000,Mirai-udpplain,Mirai
5.500000,100.666047,38.500000,BenignTraffic,Benign
13.500000,38.251683,244.600000,DictionaryBruteForce,BruteForce
13.500000,36.108421,244.600000,BenignTraffic,Benign
5.500000,0.100184,38.500000,DictionaryBruteForce,BruteForce
5.500000,66.027047,38.500000,DNS_Spoofing,Spoofing
5.500000,0.071004,38.500000,BrowserHijacking,Web
9.500000,5142.908468,141.550000,DDoS-UDP_Flood,DDoS
9.500000,6.506772,141.550000,Mirai-greeth_flood,Mirai
5.500000,904.776476,38.500000,DNS_Spoofing,Spoofing
5.500000,898.890489,38.500000,BrowserHijacking,Web
9.500000,182.484022,141.550000,DDoS-ICMP_Flood,DDoS
5.500000,2015.816566,38.500000,Backdoor_Malware,Web
5.500000,75.837619,38.500000,Recon-PortScan,Recon
13.500000,38.001537,244.600000,DictionaryBruteForce,BruteForce
5.500000,9.837137,38.500000,BenignTraffic,Benign
9.500000,2097152.000000,141.550000,DDoS-ICMP_Flood,DDoS
9.500000,21.379546,141.550000,VulnerabilityScan,Recon
5.500000,42.655230,38.500000,DictionaryBruteForce,BruteForce
9.500000,0.987474,141.550000,Mirai-greip_flood,Mirai
5.500000,66.340512,38.500000,Recon-PingSweep,Recon
9.500000,30.301532,141.550000,DoS-SYN_Flood,DoS
5.500000,11.455080,38.500000,BenignTraffic,Benign
13.500000,15.141502,244.600000,DictionaryBruteForce,BruteForce
9.500000,0.450296,141.550000,DoS-TCP_Flood,DoS
5.500000,13.707978,38.500000,BenignTraffic,Benign
5.500000,9.282310,38.500000,BenignTraffic,Benign
9.500000,7.194865,141.550000,DoS-TCP_Flood,DoS
5.500000,10.756739,38.500000,BenignTraffic,Benign
5.500000,188.763741,38.500000,BenignTraffic,Benign
9.500000,19.048258,141.550000,DDoS-SynonymousIP_Flood,DDoS
5.500000,1.503308,38.500000,DictionaryBruteForce,BruteForce
13.500000,6.663341,244.600000,Recon-PingSweep,Recon
13.500000,63.859841,244.600000,BenignTraffic,Benign
9.500000,0.493892,141.550000,DDoS-HTTP_Flood,DDoS
5.500000,0.002017,38.500000,Recon-PingSweep,Recon
13.500000,60.150192,244.600000,BenignTraffic,Benign
13.500000,1476.832814,244.600000,MITM-ArpSpoofing,Spoofing
9.500000,354.084578,141.550000,DDoS-UDP_Fragmentation,DDoS
13.500000,1542.029762,244.600000,DNS_Spoofing,Spoofing
13.500000,510.226756,244.600000,MITM-ArpSpoofing,Spoofing
13.500000,7.578326,244.600000,DNS_Spoofing,Spoofing
13.500000,26.550614,244.600000,Recon-PingSweep,Recon
9.500000,23.929900,141.550000,VulnerabilityScan,Recon
9.500000,4.800591,141.550000,DoS-HTTP_Flood,DoS
9.500000,9.213652,141.550000,DoS-HTTP_Flood,DoS
5.500000,91.798511,38.500000,XSS,Web
5.500000,373.746927,38.500000,BrowserHijacking,Web
5.500000,1962.706598,38.500000,Recon-PortScan,Recon
13.500000,3.919197,244.600000,Uploading_Attack,Web
5.500000,381.611092,38.500000,BrowserHijacking,Web
9.500000,9298.840710,141.550000,DoS-UDP_Flood,DoS
13.500000,4.795142,244.600000,Uploading_Attack,Web
9.500000,1.926285,141.550000,Mirai-greeth_flood,Mirai
9.500000,7.145578,141.550000,DoS-UDP_Flood,DoS
9.500000,1.259613,141.550000,DoS-TCP_Flood,DoS
9.500000,68.523742,141.550000,DDoS-SYN_Flood,DDoS
13.500000,42.819990,244.600000,Recon-PortScan,Recon
9.500000,1.338858,141.550000,DoS-HTTP_Flood,DoS
13.500000,2620.877840,244.600000,MITM-ArpSpoofing,Spoofing
9.500000,32.489680,141.550000,Mirai-greeth_flood,Mirai
9.500000,12.635705,141.550000,VulnerabilityScan,Recon
5.500000,201.147721,38.500000,Recon-PortScan,Recon
13.500000,35.970164,244.600000,DictionaryBruteForce,BruteForce
13.500000,1120.025372,244.600000,DNS_Spoofing,Spoofing
9.500000,96.404160,141.550000,DDoS-ICMP_Flood,DDoS
5.500000,114.695407,38.500000,BenignTraffic,Benign
9.500000,672.195154,141.550000,Mirai-udpplain,Mirai
13.500000,0.391357,244.600000,DNS_Spoofing,Spoofing
9.500000,16.541354,141.550000,DDoS-ICMP_Fragmentation,DDoS
13.500000,16.103303,244.600000,MITM-ArpSpoofing,Spoofing
5.500000,17.851166,38.500000,BenignTraffic,Benign
5.500000,28.789580,38.500000,BenignTraffic,Benign
13.500000,127.943013,244.600000,Backdoor_Malware,Web
9.500000,5.257703,141.550000,Mirai-greip_flood,Mirai
9.500000,1275.723214,141.550000,Mirai-udpplain,Mirai
13.500000,80.804879,244.600000,DictionaryBruteForce,BruteForce
13.500000,6.678868,244.600000,Recon-OSScan,Recon
13.500000,54.240044,244.600000,BenignTraffic,Benign
9.500000,92.179467,141.550000,Mirai-greip_flood,Mirai
9.500000,367.036010,141.550000,DDoS-RSTFINFlood,DDoS
5.500000,182.664698,38.500000,MITM-ArpSpoofing,Spoofing
9.500000,11087.015582,141.550000,DoS-UDP_Flood,DoS
13.500000,63.632606,244.600000,MITM-ArpSpoofing,Spoofing
13.500000,51.892700,244.600000,DNS_Spoofing,Spoofing
9.500000,39.012064,141.550000,Mirai-greip_flood,Mirai
5.500000,72.799630,38.500000,BenignTraffic,Benign
9.500000,0.728420,141.550000,DoS-SYN_Flood,DoS
5.500000,4.564407,38.500000,CommandInjection,Web
13.500000,0.275160,244.600000,XSS,Web
5.500000,864.265172,38.500000,MITM-ArpSpoofing,Spoofing
13.500000,109.577682,244.600000,DNS_Spoofing,Spoofing
13.500000,0.884117,244.600000,Backdoor_Malware,Web
9.500000,0.459440,141.550000,DoS-TCP_Flood,DoS
9.500000,3.385785,141.550000,Mirai-greeth_flood,Mirai
13.500000,27.335209,244.600000,Backdoor_Malware,Web
13.500000,3.262527,244.600000,DictionaryBruteForce,BruteForce
9.500000,2.935690,141.550000,DoS-SYN_Flood,DoS
9.500000,73919.385805,141.550000,DDoS-SlowLoris,DDoS
9.500000,110.132426,141.550000,DDoS-SlowLoris,DDoS
5.500000,12.889792,38.500000,DictionaryBruteForce,BruteForce
9.500000,8.691984,141.550000,DDoS-PSHACK_Flood,DDoS
5.500000,83.865114,38.500000,Recon-PortScan,Recon
13.500000,15.183748,244.600000,Recon-HostDiscovery,Recon
5.500000,2.077056,38.500000,Recon-PortScan,Recon
5.500000,6.521028,38.500000,BenignTraffic,Benign
9.500000,51.805515,141.550000,Mirai-greip_flood,Mirai
13.500000,62.670631,244.600000,BenignTraffic,Benign
13.500000,60.647547,244.600000,BenignTraffic,Benign
13.500000,20.313194,244.600000,DictionaryBruteForce,BruteForce
13.500000,5.113270,244.600000,DictionaryBruteForce,BruteForce
13.500000,51.988724,244.600000,BenignTraffic,Benign
13.500000,1.541973,244.600000,DictionaryBruteForce,BruteForce
13.500000,7.773635,244.600000,BenignTraffic,Benign
5.500000,155.816937,38.500000,Recon-PortScan,Recon
13.500000,13.129337,244.600000,MITM-ArpSpoofing,Spoofing
9.500000,3.007211,141.550000,DDoS-RSTFINFlood,DDoS
5.500000,25.651107,38.500000,Uploading_Attack,Web
5.500000,46.845191,38.500000,DictionaryBruteForce,BruteForce
9.500000,22.513407,141.550000,Mirai-greip_flood,Mirai
9.500000,37.323841,141.550000,DDoS-RSTFINFlood,DDoS
5.500000,128.492817,38.500000,Recon-OSScan,Recon
9.500000,1.040273,141.550000,DDoS-HTTP_Flood,DDoS
5.500000,41092.027951,38.500000,BenignTraffic,Benign
5.500000,3474.379541,38.500000,BenignTraffic,Benign
13.500000,81.363246,244.600000,Recon-OSScan,Recon
5.500000,75.173078,38.500000,BenignTraffic,Benign
9.500000,11.282548,141.550000,Mirai-greeth_flood,Mirai
9.500000,4.783926,141.550000,DDoS-HTTP_Flood,DDoS
9.500000,1548.153696,141.550000,Mirai-udpplain,Mirai
9.500000,673.451194,141.550000,Mirai-udpplain,Mirai
9.500000,115.238639,141.550000,DDoS-UDP_Fragmentation,DDoS
5.500000,195.376345,38.500000,DNS_Spoofing,Spoofing
9.500000,7989.348329,141.550000,Mirai-udpplain,Mirai
13.500000,16.339357,244.600000,Recon-OSScan,Recon
9.500000,0.229088,141.550000,DoS-TCP_Flood,DoS
9.500000,179.106954,141.550000,DoS-TCP_Flood,DoS
9.500000,43.376835,141.550000,DDoS-ACK_Fragmentation,DDoS
9.500000,399316.600329,141.550000,DoS-UDP_Flood,DoS
5.500000,935.367513,38.500000,DNS_Spoofing,Spoofing
13.500000,20.365793,244.600000,Backdoor_Malware,Web
13.500000,19.442957,244.600000,DictionaryBruteForce,BruteForce
9.500000,1511.353727,141.550000,Mirai-udpplain,Mirai
9.500000,28.329165,141.550000,VulnerabilityScan,Recon
5.500000,0.936491,38.500000,Recon-OSScan,Recon
9.500000,13354.453341,141.550000,DDoS-UDP_Flood,DDoS
13.500000,82.476650,244.600000,Recon-PingSweep,Recon
5.500000,113.351150,38.500000,MITM-ArpSpoofing,Spoofing
13.500000,63.288202,244.600000,DictionaryBruteForce,BruteForce
9.500000,52.444752,141.550000,DDoS-ICMP_Flood,DDoS
5.500000,19.201800,38.500000,DNS_Spoofing,Spoofing
13.500000,5.015857,244.600000,DNS_Spoofing,Spoofing
5.500000,13.607109,38.500000,BenignTraffic,Benign
5.500000,49.822571,38.500000,Backdoor_Malware,Web
5.500000,101.565386,38.500000,DictionaryBruteForce,BruteForce
13.500000,15.391095,244.600000,BenignTraffic,Benign
13.500000,43.809846,244.600000,DictionaryBruteForce,BruteForce
9.500000,38723.775848,141.550000,DoS-UDP_Flood,DoS
5.500000,95.108520,38.500000,BenignTraffic,Benign
9.500000,0.748394,141.550000,DoS-SYN_Flood,DoS
13.500000,45.832003,244.600000,DNS_Spoofing,Spoofing
5.500000,63.388339,38.500000,BenignTraffic,Benign
13.500000,20.730688,244.600000,DictionaryBruteForce,BruteForce
9.500000,60.737608,141.550000,DoS-UDP_Flood,DoS
9.500000,11001.815337,141.550000,DoS-UDP_Flood,DoS
13.500000,0.798739,244.600000,BrowserHijacking,Web
5.500000,42.808856,38.500000,Recon-OSScan,Recon
13.500000,103.101941,244.600000,DictionaryBruteForce,BruteForce
9.500000,15.147251,141.550000,Mirai-greip_flood,Mirai
13.500000,174.507678,244.600000,MITM-ArpSpoofing,Spoofing
5.500000,104886.741273,38.500000,BenignTraffic,Benign
9.500000,1493.226088,141.550000,Mirai-udpplain,Mirai
5.500000,41.773748,38.500000,BenignTraffic,Benign
9.500000,1.097347,141.550000,DDoS-ICMP_Flood,DDoS
9.500000,3.026030,141.550000,Mirai-greip_flood,Mirai
13.500000,3.766176,244.600000,Recon-PingSweep,Recon
13.500000,13.266553,244.600000,BenignTraffic,Benign
9.500000,11621.432855,141.550000,DoS-UDP_Flood,DoS
5.500000,47.779325,38.500000,Recon-OSScan,Recon
13.500000,94490.015037,244.600000,XSS,Web
9.500000,1086.177550,141.550000,Mirai-udpplain,Mirai
13.500000,62.843658,244.600000,BenignTraffic,Benign
13.500000,3.257153,244.600000,Recon-HostDiscovery,Recon
5.500000,8.457440,38.500000,DictionaryBruteForce,BruteForce
9.500000,366.814186,141.550000,Mirai-udpplain,Mirai
9.500000,5.393087,141.550000,Mirai-greip_flood,Mirai
5.500000,35.760281,38.500000,DictionaryBruteForce,BruteForce
13.500000,1.242739,244.600000,DictionaryBruteForce,BruteForce
9.500000,33.204619,141.550000,DDoS-SlowLoris,DDoS
5.500000,2436.973670,38.500000,DNS_Spoofing,Spoofing
5.500000,104881.925411,38.500000,BenignTraffic,Benign
13.500000,2.416255,244.600000,BenignTraffic,Benign
9.500000,25.936635,141.550000,DDoS-SYN_Flood,DDoS
9.500000,61.940867,141.550000,Mirai-greip_flood,Mirai
5.500000,1766.044053,38.500000,BenignTraffic,Benign
9.500000,6.308802,141.550000,Mirai-greeth_flood,Mirai
5.500000,0.368470,38.500000,Recon-HostDiscovery,Recon
9.500000,0.511886,141.550000,DDoS-PSHACK_Flood,DDoS
13.500000,10.515591,244.600000,Recon-OSScan,Recon
9.500000,1.066894,141.550000,Mirai-greip_flood,Mirai
9.500000,3.938373,141.550000,DDoS-SYN_Flood,DDoS
13.500000,10.534873,244.600000,BrowserHijacking,Web
13.500000,14.881566,244.600000,Recon-PortScan,Recon
5.500000,1061.741479,38.500000,CommandInjection,Web
9.500000,47.708422,141.550000,Mirai-greip_flood,Mirai
5.500000,60.471154,38.500000,BenignTraffic,Benign
9.500000,0.000000,141.550000,Mirai-greip_flood,Mirai
5.500000,49.125236,38.500000,DictionaryBruteForce,BruteForce
13.500000,10.548884,244.600000,Recon-HostDiscovery,Recon
5.500000,23.435374,38.500000,DNS_Spoofing,Spoofing
5.500000,14.194370,38.500000,Recon-HostDiscovery,Recon
13.500000,2.850175,244.600000,SqlInjection,Web
5.500000,19.655078,38.500000,Backdoor_Malware,Web
9.500000,7.996736,141.550000,Mirai-greeth_flood,Mirai
9.500000,0.379813,141.550000,DoS-TCP_Flood,DoS
13.500000,39.699411,244.600000,DictionaryBruteForce,BruteForce
13.500000,2.177490,244.600000,DNS_Spoofing,Spoofing
5.500000,11.433779,38.500000,BenignTraffic,Benign
13.500000,21.722601,244.600000,BenignTraffic,Benign
5.500000,191.048131,38.500000,MITM-ArpSpoofing,Spoofing
9.500000,9006.224853,141.550000,DoS-UDP_Flood,DoS
5.500000,49.515846,38.500000,BenignTraffic,Benign
13.500000,3.025799,244.600000,DictionaryBruteForce,BruteForce
9.500000,1.936196,141.550000,Mirai-greip_flood,Mirai
5.500000,90.084700,38.500000,BenignTraffic,Benign
5.500000,3.184757,38.500000,DictionaryBruteForce,BruteForce
13.500000,47.976599,244.600000,BenignTraffic,Benign
9.500000,2047.585459,141.550000,Mirai-udpplain,Mirai
9.500000,9.385258,141.550000,DoS-HTTP_Flood,DoS
9.500000,0.404664,141.550000,Mirai-greip_flood,Mirai
8.981481,23.707951,123.648148,Mirai-greip_flood,Mirai
13.500000,0.269865,244.600000,MITM-ArpSpoofing,Spoofing
13.500000,61.648229,244.600000,MITM-ArpSpoofing,Spoofing
13.500000,108.383249,244.600000,SqlInjection,Web
13.500000,32.310803,244.600000,BenignTraffic,Benign
9.500000,84.164665,141.550000,DDoS-ICMP_Flood,DDoS
5.500000,46.462669,38.500000,DictionaryBruteForce,BruteForce
13.500000,1.388828,244.600000,DNS_Spoofing,Spoofing
13.500000,0.294250,244.600000,MITM-ArpSpoofing,Spoofing
9.500000,40.723995,141.550000,Mirai-greip_flood,Mirai
9.500000,7595.676300,141.550000,DoS-UDP_Flood,DoS
13.500000,2772.031791,244.600000,MITM-ArpSpoofing,Spoofing
9.500000,8.056639,141.550000,DDoS-ICMP_Fragmentation,DDoS
5.500000,73.036011,38.500000,BenignTraffic,Benign
13.500000,1054.711395,244.600000,DNS_Spoofing,Spoofing
13.500000,21.185721,244.600000,Recon-PortScan,Recon
13.500000,72.588081,244.600000,DNS_Spoofing,Spoofing
9.500000,6.182801,141.550000,DDoS-ICMP_Flood,DDoS
13.500000,63.815496,244.600000,Recon-OSScan,Recon
9.500000,0.457021,141.550000,DoS-UDP_Flood,DoS
9.500000,1.028189,141.550000,DoS-SYN_Flood,DoS
13.500000,72.134878,244.600000,Recon-PortScan,Recon
9.500000,82.517537,141.550000,Mirai-greip_flood,Mirai
13.500000,215.348879,244.600000,BenignTraffic,Benign
5.500000,44.415795,38.500000,DictionaryBruteForce,BruteForce
5.500000,64543.262469,38.500000,Backdoor_Malware,Web
13.500000,5.615177,244.600000,BenignTraffic,Benign
13.500000,78.119808,244.600000,BenignTraffic,Benign
5.500000,58.107265,38.500000,DNS_Spoofing,Spoofing
9.500000,8.707812,141.550000,Mirai-greip_flood,Mirai
9.500000,4.779544,141.550000,DoS-SYN_Flood,DoS
13.500000,5.336670,244.600000,SqlInjection,Web
13.500000,10.570173,244.600000,DictionaryBruteForce,BruteForce
13.500000,1090.451307,244.600000,DNS_Spoofing,Spoofing
5.500000,23.015654,38.500000,Recon-OSScan,Recon
9.500000,9.671983,141.550000,DDoS-SynonymousIP_Flood,DDoS
13.500000,104867.646755,244.600000,BenignTraffic,Benign
13.500000,1.587827,244.600000,DictionaryBruteForce,BruteForce
5.500000,3.657215,38.500000,Backdoor_Malware,Web
5.500000,257.212629,38.500000,MITM-ArpSpoofing,Spoofing
9.500000,1.275726,141.550000,DDoS-RSTFINFlood,DDoS
5.500000,98.112451,38.500000,BenignTraffic,Benign
9.500000,700.809812,141.550000,Mirai-udpplain,Mirai
5.500000,15.009848,38.500000,BenignTraffic,Benign
9.500000,0.425609,141.550000,DoS-TCP_Flood,DoS
5.500000,453.018876,38.500000,MITM-ArpSpoofing,Spoofing
13.500000,20.091421,244.600000,SqlInjection,Web
5.500000,29.528080,38.500000,MITM-ArpSpoofing,Spoofing
5.500000,31.473578,38.500000,Uploading_Attack,Web
13.500000,26.496330,244.600000,Recon-OSScan,Recon
5.500000,90.999547,38.500000,BenignTraffic,Benign
9.500000,20.037282,141.550000,Mirai-greeth_flood,Mirai
9.500000,21595.050703,141.550000,DoS-UDP_Flood,DoS
9.500000,1224.078214,141.550000,DoS-TCP_Flood,DoS
13.500000,33.538154,244.600000,DictionaryBruteForce,BruteForce
5.500000,57.217347,38.500000,BenignTraffic,Benign
13.500000,1.312069,244.600000,Recon-HostDiscovery,Recon
9.500000,18.386650,141.550000,DoS-HTTP_Flood,DoS
13.500000,75.414843,244.600000,BenignTraffic,Benign
9.500000,2699.300029,141.550000,DoS-HTTP_Flood,DoS
5.500000,1.155339,38.500000,Recon-HostDiscovery,Recon
13.500000,19.142176,244.600000,DictionaryBruteForce,BruteForce
13.500000,110.325271,244.600000,XSS,Web
5.500000,1.169590,38.500000,DNS_Spoofing,Spoofing
5.500000,39.703658,38.500000,Recon-PingSweep,Recon
9.500000,1.984659,141.550000,Mirai-greip_flood,Mirai
5.500000,279.066682,38.500000,DNS_Spoofing,Spoofing
9.500000,0.194451,141.550000,DDoS-SynonymousIP_Flood,DDoS
5.500000,48.157484,38.500000,DNS_Spoofing,Spoofing
13.500000,16.416451,244.600000,Recon-PingSweep,Recon
9.500000,29.235248,141.550000,DoS-UDP_Flood,DoS
5.500000,19.568780,38.500000,DictionaryBruteForce,BruteForce
5.500000,3.255287,38.500000,BenignTraffic,Benign
13.500000,5.666670,244.600000,DictionaryBruteForce,BruteForce
13.500000,117.606181,244.600000,Recon-PortScan,Recon
13.500000,12.292785,244.600000,DictionaryBruteForce,BruteForce
13.500000,36.715963,244.600000,Recon-PortScan,Recon
13.500000,773.037678,244.600000,MITM-ArpSpoofing,Spoofing
13.500000,9.752172,244.600000,Recon-PortScan,Recon
9.500000,52.430111,141.550000,DDoS-PSHACK_Flood,DDoS
9.500000,215.927933,141.550000,DDoS-UDP_Fragmentation,DDoS
9.500000,22.969264,141.550000,DDoS-SlowLoris,DDoS
13.500000,57.431701,244.600000,BenignTraffic,Benign
5.500000,120.872683,38.500000,DictionaryBruteForce,BruteForce
13.500000,245.126109,244.600000,DNS_Spoofing,Spoofing
5.500000,61.762546,38.500000,BenignTraffic,Benign
5.500000,0.450305,38.500000,DictionaryBruteForce,BruteForce
13.500000,0.619341,244.600000,Recon-OSScan,Recon
5.500000,10.499020,38.500000,Recon-PortScan,Recon
9.500000,2.963677,141.550000,DDoS-PSHACK_Flood,DDoS
9.500000,194.104076,141.550000,DDoS-SlowLoris,DDoS
5.500000,0.079315,38.500000,DNS_Spoofing,Spoofing
13.500000,134.053482,244.600000,BenignTraffic,Benign
5.500000,66.876822,38.500000,Uploading_Attack,Web
9.500000,29.672037,141.550000,DDoS-TCP_Flood,DDoS
5.500000,33.140357,38.500000,BrowserHijacking,Web
9.500000,0.663959,141.550000,DoS-HTTP_Flood,DoS
9.500000,96.441844,141.550000,DDoS-RSTFINFlood,DDoS
9.500000,41.716934,141.550000,Mirai-greip_flood,Mirai
9.500000,18.030914,141.550000,DoS-HTTP_Flood,DoS
5.500000,140.847390,38.500000,MITM-ArpSpoofing,Spoofing
9.500000,19.684252,141.550000,DDoS-RSTFINFlood,DDoS
9.500000,20.158042,141.550000,DoS-SYN_Flood,DoS
9.500000,0.199484,141.550000,DDoS-RSTFINFlood,DDoS
13.500000,105.831686,244.600000,XSS,Web
13.500000,12.284362,244.600000,XSS,Web
13.500000,14.945388,244.600000,Recon-HostDiscovery,Recon
13.500000,103.685665,244.600000,BenignTraffic,Benign
9.500000,1.170920,141.550000,DDoS-ICMP_Fragmentation,DDoS
5.500000,1.972074,38.500000,DictionaryBruteForce,BruteForce
9.500000,2.848251,141.550000,DoS-TCP_Flood,DoS
9.500000,2112.687205,141.550000,Mirai-udpplain,Mirai
13.500000,150.494933,244.600000,Recon-PortScan,Recon
5.500000,74.714984,38.500000,MITM-ArpSpoofing,Spoofing
9.500000,289262.344828,141.550000,Mirai-greip_flood,Mirai
13.500000,65.198381,244.600000,BenignTraffic,Benign
9.500000,39711.680161,141.550000,DDoS-UDP_Fragmentation,DDoS
13.500000,605.122257,244.600000,DictionaryBruteForce,BruteForce
13.500000,34.330573,244.600000,DictionaryBruteForce,BruteForce
13.500000,2.689698,244.600000,DictionaryBruteForce,BruteForce
9.500000,264.870019,141.550000,DoS-HTTP_Flood,DoS
9.500000,1.963976,141.550000,DDoS-SynonymousIP_Flood,DDoS
13.500000,70.966382,244.600000,DictionaryBruteForce,BruteForce
13.500000,20.876330,244.600000,BrowserHijacking,Web
9.500000,19.499827,141.550000,Mirai-greeth_flood,Mirai
9.500000,12530.163864,141.550000,DoS-UDP_Flood,DoS
9.500000,2.818036,141.550000,Mirai-greeth_flood,Mirai
13.500000,1.174072,244.600000,DNS_Spoofing,Spoofing
9.500000,2.299126,141.550000,DoS-UDP_Flood,DoS
9.500000,331.104866,141.550000,DDoS-TCP_Flood,DDoS
13.500000,41.538578,244.600000,DictionaryBruteForce,BruteForce
13.500000,8.611826,244.600000,DictionaryBruteForce,BruteForce
5.500000,9.227032,38.500000,BrowserHijacking,Web
5.500000,0.180997,38.500000,Recon-PingSweep,Recon
9.500000,0.384877,141.550000,DoS-SYN_Flood,DoS
5.500000,39.806906,38.500000,MITM-ArpSpoofing,Spoofing
5.500000,2.035474,38.500000,XSS,Web
5.500000,312.808539,38.500000,MITM-ArpSpoofing,Spoofing
5.500000,24.138339,38.500000,DictionaryBruteForce,BruteForce
5.500000,51.275783,38.500000,BenignTraffic,Benign
5.500000,53.816758,38.500000,DNS_Spoofing,Spoofing
5.500000,13.368683,38.500000,BenignTraffic,Benign
5.500000,67.602454,38.500000,SqlInjection,Web
13.500000,0.860297,244.600000,DictionaryBruteForce,BruteForce
5.500000,7.425833,38.500000,BenignTraffic,Benign
5.500000,174.684450,38.500000,BrowserHijacking,Web
9.500000,3.599403,141.550000,DDoS-ICMP_Fragmentation,DDoS
13.500000,87.199707,244.600000,Recon-HostDiscovery,Recon
13.500000,305.256200,244.600000,MITM-ArpSpoofing,Spoofing
13.500000,236.010740,244.600000,MITM-ArpSpoofing,Spoofing
5.500000,101.035673,38.500000,DNS_Spoofing,Spoofing
9.500000,4.709242,141.550000,DoS-TCP_Flood,DoS
9.500000,81.841347,141.550000,DDoS-UDP_Fragmentation,DDoS
9.500000,126.782437,141.550000,DDoS-SYN_Flood,DDoS
13.500000,5.228734,244.600000,BenignTraffic,Benign
5.500000,2.807548,38.500000,DictionaryBruteForce,BruteForce
9.500000,2097152.000000,141.550000,DoS-SYN_Flood,DoS
13.500000,38.674145,244.600000,BenignTraffic,Benign
5.500000,883.496038,38.500000,MITM-ArpSpoofing,Spoofing
9.500000,0.435980,141.550000,DoS-TCP_Flood,DoS
9.500000,23.624064,141.550000,DDoS-TCP_Flood,DDoS
9.500000,4.652231,141.550000,DoS-HTTP_Flood,DoS
9.500000,3.784624,141.550000,Mirai-greeth_flood,Mirai
13.500000,0.098543,244.600000,Backdoor_Malware,Web
9.500000,0.994562,141.550000,Mirai-greip_flood,Mirai
9.500000,0.448416,141.550000,DoS-HTTP_Flood,DoS
9.500000,1.828688,141.550000,DDoS-SynonymousIP_Flood,DDoS
9.500000,27.856639,141.550000,VulnerabilityScan,Recon
5.500000,0.357958,38.500000,SqlInjection,Web
13.500000,0.614886,244.600000,Recon-HostDiscovery,Recon
9.500000,15025.478002,141.550000,DDoS-UDP_Flood,DDoS
9.500000,729.220171,141.550000,Mirai-udpplain,Mirai
5.500000,20.030112,38.500000,CommandInjection,Web
9.500000,0.434600,141.550000,DoS-SYN_Flood,DoS
9.500000,18.147639,141.550000,DDoS-ICMP_Fragmentation,DDoS
9.500000,14.678352,141.550000,DoS-HTTP_Flood,DoS
5.500000,69908.609356,38.500000,Recon-HostDiscovery,Recon
13.500000,16.138672,244.600000,Recon-PingSweep,Recon
5.500000,67.239649,38.500000,DictionaryBruteForce,BruteForce
5.500000,0.500126,38.500000,DNS_Spoofing,Spoofing
5.500000,46.080727,38.500000,DNS_Spoofing,Spoofing
9.500000,90.609186,141.550000,VulnerabilityScan,Recon
5.500000,21.214193,38.500000,DictionaryBruteForce,BruteForce
13.500000,6.666302,244.600000,Recon-PortScan,Recon
5.500000,160.780047,38.500000,BenignTraffic,Benign
5.500000,79.379502,38.500000,DictionaryBruteForce,BruteForce
13.500000,352.159780,244.600000,BrowserHijacking,Web
13.500000,0.643179,244.600000,Backdoor_Malware,Web
9.500000,65.779872,141.550000,DDoS-UDP_Fragmentation,DDoS
5.500000,1747.832004,38.500000,MITM-ArpSpoofing,Spoofing
9.500000,1.009760,141.550000,Mirai-greeth_flood,Mirai
13.500000,0.619935,244.600000,Recon-HostDiscovery,Recon
9.500000,67.679538,141.550000,DDoS-SynonymousIP_Flood,DDoS
9.500000,1.009092,141.550000,DDoS-HTTP_Flood,DDoS
9.500000,140.746710,141.550000,Mirai-greip_flood,Mirai
9.500000,3.630737,141.550000,DDoS-HTTP_Flood,DDoS
9.500000,50.473038,141.550000,VulnerabilityScan,Recon
9.500000,32.969772,141.550000,DDoS-ICMP_Fragmentation,DDoS
5.500000,4.877874,38.500000,DNS_Spoofing,Spoofing
9.500000,5.600686,141.550000,DDoS-ICMP_Flood,DDoS
13.500000,3.337576,244.600000,Recon-HostDiscovery,Recon
5.500000,21.183721,38.500000,Recon-HostDiscovery,Recon
5.500000,57.230791,38.500000,DNS_Spoofing,Spoofing
5.500000,357.555595,38.500000,MITM-ArpSpoofing,Spoofing
13.500000,0.814030,244.600000,Uploading_Attack,Web
5.500000,9.696271,38.500000,DNS_Spoofing,Spoofing
5.500000,2.784408,38.500000,DictionaryBruteForce,BruteForce
5.500000,7.457345,38.500000,BenignTraffic,Benign
5.500000,544.269892,38.500000,BrowserHijacking,Web
13.500000,4.748288,244.600000,DictionaryBruteForce,BruteForce
5.500000,2.439991,38.500000,Recon-PortScan,Recon
13.500000,20.998306,244.600000,DictionaryBruteForce,BruteForce
5.500000,19.925600,38.500000,SqlInjection,Web
5.500000,6.312956,38.500000,Recon-PingSweep,Recon
13.500000,73.183837,244.600000,BenignTraffic,Benign
13.500000,35.229343,244.600000,BenignTraffic,Benign
9.500000,32.913152,141.550000,Mirai-greeth_flood,Mirai
13.500000,47.863028,244.600000,BenignTraffic,Benign
13.500000,323.028441,244.600000,MITM-ArpSpoofing,Spoofing
9.500000,1447.927737,141.550000,Mirai-udpplain,Mirai
13.500000,3864.532771,244.600000,DNS_Spoofing,Spoofing
5.500000,21.101859,38.500000,XSS,Web
5.500000,28.866496,38.500000,BenignTraffic,Benign
9.500000,12.165816,141.550000,DDoS-PSHACK_Flood,DDoS
13.500000,216.106933,244.600000,MITM-ArpSpoofing,Spoofing
9.500000,40.246466,141.550000,DoS-UDP_Flood,DoS
5.500000,22.819137,38.500000,DictionaryBruteForce,BruteForce
9.500000,22.638493,141.550000,Mirai-greip_flood,Mirai
9.500000,2.009724,141.550000,DDoS-SYN_Flood,DDoS
9.500000,0.490820,141.550000,DoS-TCP_Flood,DoS
5.500000,253.290437,38.500000,DictionaryBruteForce,BruteForce
13.500000,1792.353764,244.600000,MITM-ArpSpoofing,Spoofing
13.500000,0.109310,244.600000,CommandInjection,Web
9.500000,2222.529584,141.550000,Mirai-udpplain,Mirai
9.500000,5.597957,141.550000,DoS-HTTP_Flood,DoS
13.500000,69.649590,244.600000,BenignTraffic,Benign
5.500000,99.571020,38.500000,MITM-ArpSpoofing,Spoofing
5.500000,126.769841,38.500000,Recon-PortScan,Recon
13.500000,393.889171,244.600000,MITM-ArpSpoofing,Spoofing
9.500000,164.205614,141.550000,Mirai-greip_flood,Mirai
5.500000,66.778497,38.500000,Uploading_Attack,Web
5.500000,80.126583,38.500000,DictionaryBruteForce,BruteForce
9.500000,0.495921,141.550000,DoS-HTTP_Flood,DoS
9.500000,0.640875,141.550000,DDoS-ACK_Fragmentation,DDoS
5.500000,129.433262,38.500000,Recon-PortScan,Recon
9.500000,2955.114481,141.550000,Mirai-udpplain,Mirai
5.500000,14.635163,38.500000,Recon-HostDiscovery,Recon
13.500000,55.275791,244.600000,Recon-PingSweep,Recon
9.500000,22758.609515,141.550000,DoS-UDP_Flood,DoS
13.500000,84.639051,244.600000,DictionaryBruteForce,BruteForce
13.500000,101.291123,244.600000,Recon-OSScan,Recon
13.500000,3744.797244,244.600000,DNS_Spoofing,Spoofing
5.500000,2.605609,38.500000,DictionaryBruteForce,BruteForce
13.500000,10.840562,244.600000,BenignTraffic,Benign
13.500000,48.091203,244.600000,DNS_Spoofing,Spoofing
9.500000,5.820981,141.550000,DoS-HTTP_Flood,DoS
9.500000,2.395370,141.550000,DoS-SYN_Flood,DoS
5.500000,30.448254,38.500000,DictionaryBruteForce,BruteForce
5.500000,95.442414,38.500000,MITM-ArpSpoofing,Spoofing
13.500000,31.380781,244.600000,DictionaryBruteForce,BruteForce
5.500000,36.904631,38.500000,BenignTraffic,Benign
5.500000,18.228609,38.500000,BenignTraffic,Benign
13.500000,2971.710707,244.600000,DNS_Spoofing,Spoofing
9.500000,0.236500,141.550000,DoS-SYN_Flood,DoS
5.500000,3693.651788,38.500000,DNS_Spoofing,Spoofing
9.500000,28.985590,141.550000,VulnerabilityScan,Recon
5.500000,1340.612928,38.500000,BrowserHijacking,Web
13.500000,43.210780,244.600000,BenignTraffic,Benign
5.500000,0.043464,38.500000,Recon-OSScan,Recon
13.500000,132.486889,244.600000,MITM-ArpSpoofing,Spoofing
9.500000,117.936653,141.550000,Mirai-greip_flood,Mirai
5.500000,18.593597,38.500000,DictionaryBruteForce,BruteForce
5.500000,19.151696,38.500000,Recon-PingSweep,Recon
13.500000,101.035955,244.600000,MITM-ArpSpoofing,Spoofing
9.500000,0.483162,141.550000,DoS-SYN_Flood,DoS
13.500000,26.442716,244.600000,BenignTraffic,Benign
9.500000,0.000000,141.550000,Mirai-greeth_flood,Mirai
5.500000,12.509052,38.500000,BenignTraffic,Benign
9.500000,3.330273,141.550000,DDoS-HTTP_Flood,DDoS
9.500000,11.761100,141.550000,DDoS-ICMP_Fragmentation,DDoS
9.500000,11346.712992,141.550000,DDoS-UDP_Flood,DDoS
5.500000,675.638893,38.500000,BrowserHijacking,Web
5.500000,0.632137,38.500000,XSS,Web
5.500000,17.920642,38.500000,Recon-PortScan,Recon
5.500000,96.579143,38.500000,Backdoor_Malware,Web
9.500000,6.243925,141.550000,DoS-HTTP_Flood,DoS
9.500000,15.195845,141.550000,Mirai-greeth_flood,Mirai
13.500000,122.043228,244.600000,Recon-PortScan,Recon
5.500000,2305.925777,38.500000,MITM-ArpSpoofing,Spoofing
9.500000,599.621970,141.550000,DoS-SYN_Flood,DoS
5.500000,43.929579,38.500000,DictionaryBruteForce,BruteForce
9.500000,1433.518658,141.550000,Mirai-udpplain,Mirai
13.500000,54.136229,244.600000,DictionaryBruteForce,BruteForce
13.500000,26.623734,244.600000,BenignTraffic,Benign
9.500000,1833.023049,141.550000,Mirai-udpplain,Mirai
9.500000,1.907866,141.550000,DoS-TCP_Flood,DoS
5.500000,37.176776,38.500000,BenignTraffic,Benign
5.500000,2.928114,38.500000,Recon-OSScan,Recon
5.500000,17.325470,38.500000,DNS_Spoofing,Spoofing
13.500000,3.510112,244.600000,DictionaryBruteForce,BruteForce
9.500000,3.006276,141.550000,DDoS-PSHACK_Flood,DDoS
9.500000,1.075212,141.550000,DDoS-SlowLoris,DDoS
5.500000,18.989922,38.500000,Recon-OSScan,Recon
13.500000,7.259939,244.600000,XSS,Web
5.500000,0.131101,38.500000,XSS,Web
5.500000,57.543870,38.500000,Recon-OSScan,Recon
13.500000,227.215932,244.600000,MITM-ArpSpoofing,Spoofing
13.500000,555.075676,244.600000,MITM-ArpSpoofing,Spoofing
13.500000,12.701674,244.600000,SqlInjection,Web
13.500000,487.245142,244.600000,BrowserHijacking,Web
9.500000,0.425903,141.550000,DoS-TCP_Flood,DoS
5.500000,17.570484,38.500000,Recon-PingSweep,Recon
9.500000,0.442739,141.550000,DoS-TCP_Flood,DoS
9.500000,16.360450,141.550000,Mirai-greip_flood,Mirai
13.500000,23.246818,244.600000,BenignTraffic,Benign
5.500000,214.812662,38.500000,SqlInjection,Web
13.500000,402.190031,244.600000,MITM-ArpSpoofing,Spoofing
9.500000,20.056002,141.550000,DDoS-SYN_Flood,DDoS
9.500000,5.716338,141.550000,DoS-SYN_Flood,DoS
5.500000,5.567111,38.500000,DictionaryBruteForce,BruteForce
9.500000,13.530024,141.550000,Mirai-greeth_flood,Mirai
9.500000,5.960183,141.550000,Mirai-greeth_flood,Mirai
5.500000,1.672563,38.500000,Recon-PingSweep,Recon
9.500000,946.411709,141.550000,Mirai-udpplain,Mirai
13.500000,0.775284,244.600000,Recon-HostDiscovery,Recon
9.500000,0.643005,141.550000,DDoS-SynonymousIP_Flood,DDoS
13.500000,9.694277,244.600000,Uploading_Attack,Web
13.500000,3247.854960,244.600000,DNS_Spoofing,Spoofing
13.500000,2.229124,244.600000,DictionaryBruteForce,BruteForce
9.500000,1.051702,141.550000,DoS-TCP_Flood,DoS
9.500000,8.777891,141.550000,Mirai-greip_flood,Mirai
9.500000,65.791968,141.550000,DDoS-SlowLoris,DDoS
5.500000,8.176025,38.500000,DNS_Spoofing,Spoofing
9.500000,99.036323,141.550000,DDoS-ACK_Fragmentation,DDoS
13.500000,0.055544,244.600000,Uploading_Attack,Web
13.500000,1839.435099,244.600000,MITM-ArpSpoofing,Spoofing
13.500000,124.964306,244.600000,Recon-PortScan,Recon
5.500000,15.955066,38.500000,SqlInjection,Web
13.500000,1.940743,244.600000,DictionaryBruteForce,BruteForce
9.500000,0.591857,141.550000,DoS-SYN_Flood,DoS
13.500000,20.927427,244.600000,BenignTraffic,Benign
5.500000,2.677398,38.500000,DNS_Spoofing,Spoofing
13.500000,68.771562,244.600000,XSS,Web
5.500000,25.482885,38.500000,Recon-HostDiscovery,Recon
5.500000,121.066590,38.500000,Recon-OSScan,Recon
5.500000,125.754178,38.500000,DictionaryBruteForce,BruteForce
9.500000,0.969108,141.550000,DDoS-ICMP_Flood,DDoS
5.500000,51.677144,38.500000,DictionaryBruteForce,BruteForce
9.500000,3.026007,141.550000,DDoS-SynonymousIP_Flood,DDoS
5.500000,1171.480652,38.500000,MITM-ArpSpoofing,Spoofing
5.500000,3.183012,38.500000,DictionaryBruteForce,BruteForce
5.500000,42.121410,38.500000,MITM-ArpSpoofing,Spoofing
5.500000,66.191126,38.500000,BenignTraffic,Benign
13.500000,63.168597,244.600000,DictionaryBruteForce,BruteForce
9.500000,58.063674,141.550000,DDoS-UDP_Fragmentation,DDoS
9.500000,3.230133,141.550000,DDoS-ACK_Fragmentation,DDoS
5.500000,5.752705,38.500000,Recon-OSScan,Recon
13.500000,2.683271,244.600000,DictionaryBruteForce,BruteForce
5.500000,5.550953,38.500000,DictionaryBruteForce,BruteForce
13.500000,1587.983734,244.600000,MITM-ArpSpoofing,Spoofing
9.500000,10.063321,141.550000,DoS-SYN_Flood,DoS
9.500000,6.925990,141.550000,DDoS-SlowLoris,DDoS
9.500000,17.253386,141.550000,DoS-UDP_Flood,DoS
9.500000,924.669539,141.550000,DDoS-UDP_Fragmentation,DDoS
5.500000,57.975723,38.500000,Recon-OSScan,Recon
13.500000,13.393546,244.600000,XSS,Web
13.500000,4.775262,244.600000,BenignTraffic,Benign
13.500000,0.135352,244.600000,DictionaryBruteForce,BruteForce
13.500000,0.489215,244.600000,XSS,Web
9.500000,32.671064,141.550000,DoS-UDP_Flood,DoS
9.500000,1.519236,141.550000,DDoS-HTTP_Flood,DDoS
9.500000,36.364737,141.550000,DoS-TCP_Flood,DoS
13.500000,35.880967,244.600000,DictionaryBruteForce,BruteForce
13.500000,37.756826,244.600000,BenignTraffic,Benign
5.500000,1.575132,38.500000,DictionaryBruteForce,BruteForce
13.500000,128.280643,244.600000,Backdoor_Malware,Web
13.500000,0.156542,244.600000,XSS,Web
5.500000,1074.083163,38.500000,CommandInjection,Web
5.500000,1.107417,38.500000,DictionaryBruteForce,BruteForce
5.500000,15.632047,38.500000,BenignTraffic,Benign
5.500000,65.066348,38.500000,BenignTraffic,Benign
5.500000,30.291930,38.500000,Recon-PortScan,Recon
13.500000,5.334542,244.600000,Recon-HostDiscovery,Recon
13.500000,3.799021,244.600000,Recon-OSScan,Recon
5.500000,24.426212,38.500000,Recon-HostDiscovery,Recon
5.500000,78.772838,38.500000,BenignTraffic,Benign
5.500000,54.549946,38.500000,MITM-ArpSpoofing,Spoofing
5.500000,13.745823,38.500000,XSS,Web
5.500000,12.401513,38.500000,DictionaryBruteForce,BruteForce
5.500000,5.162135,38.500000,DictionaryBruteForce,BruteForce
13.500000,240.068550,244.600000,DictionaryBruteForce,BruteForce
9.500000,1.432845,141.550000,DDoS-SynonymousIP_Flood,DDoS
9.500000,1439.832101,141.550000,DDoS-UDP_Fragmentation,DDoS
5.500000,40.018250,38.500000,BenignTraffic,Benign
5.500000,56.046468,38.500000,DNS_Spoofing,Spoofing
9.500000,0.371665,141.550000,DoS-HTTP_Flood,DoS
13.500000,53.084997,244.600000,DNS_Spoofing,Spoofing
9.500000,1621.653396,141.550000,Mirai-udpplain,Mirai
13.500000,3651.340496,244.600000,DNS_Spoofing,Spoofing
5.500000,3.252016,38.500000,SqlInjection,Web
9.500000,2.399258,141.550000,Mirai-greeth_flood,Mirai
13.500000,689.678157,244.600000,DNS_Spoofing,Spoofing
9.500000,5.195023,141.550000,DDoS-HTTP_Flood,DDoS
5.500000,34.805716,38.500000,DictionaryBruteForce,BruteForce
13.500000,101.812677,244.600000,DictionaryBruteForce,BruteForce
9.500000,5.681049,141.550000,DoS-SYN_Flood,DoS
9.500000,33.331750,141.550000,Mirai-greeth_flood,Mirai
13.500000,47.897626,244.600000,MITM-ArpSpoofing,Spoofing
9.500000,137.494415,141.550000,VulnerabilityScan,Recon
9.500000,8.780168,141.550000,Mirai-greeth_flood,Mirai
9.500000,1234.549851,141.550000,Mirai-udpplain,Mirai
9.500000,817.937047,141.550000,DDoS-UDP_Fragmentation,DDoS
13.500000,41.771617,244.600000,MITM-ArpSpoofing,Spoofing
13.500000,1.205007,244.600000,DictionaryBruteForce,BruteForce
5.500000,47.927784,38.500000,BenignTraffic,Benign
13.500000,1.864058,244.600000,DictionaryBruteForce,BruteForce
9.500000,36.999733,141.550000,DoS-UDP_Flood,DoS
13.500000,95.629377,244.600000,Recon-PortScan,Recon
9.500000,13.386649,141.550000,DoS-TCP_Flood,DoS
5.500000,0.123370,38.500000,DictionaryBruteForce,BruteForce
13.500000,43.703568,244.600000,MITM-ArpSpoofing,Spoofing
9.500000,3.642777,141.550000,DDoS-ACK_Fragmentation,DDoS
9.500000,7.376579,141.550000,DDoS-ICMP_Fragmentation,DDoS
5.500000,10.712269,38.500000,Recon-PingSweep,Recon
9.500000,13346.720130,141.550000,DoS-UDP_Flood,DoS
5.500000,141.581627,38.500000,DictionaryBruteForce,BruteForce
5.500000,21.625476,38.500000,Recon-PortScan,Recon
13.500000,48.552273,244.600000,BenignTraffic,Benign
5.500000,5.010450,38.500000,Recon-PingSweep,Recon
9.500000,24.683194,141.550000,Mirai-greeth_flood,Mirai
13.500000,39.130723,244.600000,BenignTraffic,Benign
5.500000,278.438085,38.500000,DictionaryBruteForce,BruteForce
5.500000,59.898377,38.500000,BenignTraffic,Benign
13.500000,35.288199,244.600000,Recon-HostDiscovery,Recon
13.500000,1.608526,244.600000,BrowserHijacking,Web
5.500000,8.897750,38.500000,Recon-OSScan,Recon
13.500000,4.155292,244.600000,DictionaryBruteForce,BruteForce
9.500000,33.254470,141.550000,Mirai-greeth_flood,Mirai
13.500000,137.462216,244.600000,DictionaryBruteForce,BruteForce
9.500000,0.239111,141.550000,DoS-TCP_Flood,DoS
9.500000,663.429018,141.550000,DoS-UDP_Flood,DoS
13.500000,2.087051,244.600000,DictionaryBruteForce,BruteForce
5.500000,3.607826,38.500000,Recon-OSScan,Recon
9.500000,17.455625,141.550000,DoS-SYN_Flood,DoS
13.500000,22.963376,244.600000,CommandInjection,Web
5.500000,17.112483,38.500000,DNS_Spoofing,Spoofing
13.500000,3581.853735,244.600000,DNS_Spoofing,Spoofing
5.500000,64.131176,38.500000,BenignTraffic,Benign
5.500000,50.534140,38.500000,MITM-ArpSpoofing,Spoofing
13.500000,0.254499,244.600000,DNS_Spoofing,Spoofing
5.500000,2.877057,38.500000,DictionaryBruteForce,BruteForce
9.500000,85.716411,141.550000,DDoS-TCP_Flood,DDoS
5.500000,1.025380,38.500000,Recon-PingSweep,Recon
13.500000,276.142482,244.600000,BenignTraffic,Benign
5.500000,15.352262,38.500000,DNS_Spoofing,Spoofing
9.500000,3.770909,141.550000,DoS-SYN_Flood,DoS
5.500000,10.104746,38.500000,Recon-HostDiscovery,Recon
13.500000,2754.824622,244.600000,MITM-ArpSpoofing,Spoofing
5.500000,49.866820,38.500000,DictionaryBruteForce,BruteForce
13.500000,0.192063,244.600000,Recon-PortScan,Recon
13.500000,43.245037,244.600000,CommandInjection,Web
9.500000,3.180280,141.550000,DDoS-PSHACK_Flood,DDoS
13.500000,1.961649,244.600000,DictionaryBruteForce,BruteForce
13.500000,80.107032,244.600000,CommandInjection,Web
9.500000,1.107266,141.550000,DoS-TCP_Flood,DoS
9.500000,4.170491,141.550000,DoS-TCP_Flood,DoS
9.500000,11.369897,141.550000,Mirai-greip_flood,Mirai
5.500000,8.809040,38.500000,BenignTraffic,Benign
13.500000,126.953850,244.600000,MITM-ArpSpoofing,Spoofing
13.500000,1088.770827,244.600000,MITM-ArpSpoofing,Spoofing
5.500000,185.036955,38.500000,BrowserHijacking,Web
9.500000,23.282825,141.550000,Mirai-greip_flood,Mirai
13.500000,46.793517,244.600000,Recon-HostDiscovery,Recon
5.500000,12.086420,38.500000,DictionaryBruteForce,BruteForce
5.500000,716.796627,38.500000,BrowserHijacking,Web
13.500000,18.959244,244.600000,BenignTraffic,Benign
9.500000,6858.810754,141.550000,DDoS-UDP_Fragmentation,DDoS
5.500000,86.219144,38.500000,DictionaryBruteForce,BruteForce
5.500000,2.520143,38.500000,DictionaryBruteForce,BruteForce
13.500000,5.354841,244.600000,Backdoor_Malware,Web
13.500000,270.989113,244.600000,DictionaryBruteForce,BruteForce
13.500000,24.800109,244.600000,BenignTraffic,Benign
13.500000,204.703520,244.600000,BenignTraffic,Benign
5.500000,14.372978,38.500000,Recon-PingSweep,Recon
5.500000,562.974283,38.500000,XSS,Web
5.500000,0.086157,38.500000,XSS,Web
9.500000,1.657011,141.550000,DDoS-HTTP_Flood,DDoS
13.500000,11.507450,244.600000,SqlInjection,Web
13.500000,93.246465,244.600000,CommandInjection,Web
5.500000,13.757581,38.500000,Recon-PingSweep,Recon
13.500000,64552.740953,244.600000,BrowserHijacking,Web
9.500000,1.235353,141.550000,DDoS-HTTP_Flood,DDoS
13.500000,129.627269,244.600000,Recon-PingSweep,Recon
9.500000,350.709185,141.550000,Mirai-udpplain,Mirai
9.500000,1.516647,141.550000,DDoS-SynonymousIP_Flood,DDoS
13.500000,2.321478,244.600000,DNS_Spoofing,Spoofing
13.500000,47.882119,244.600000,BenignTraffic,Benign
13.500000,114.624979,244.600000,DNS_Spoofing,Spoofing
5.500000,0.996718,38.500000,BrowserHijacking,Web
13.500000,64.836245,244.600000,DictionaryBruteForce,BruteForce
5.500000,91.015803,38.500000,DictionaryBruteForce,BruteForce
5.500000,0.251253,38.500000,Backdoor_Malware,Web
13.500000,36.830624,244.600000,DNS_Spoofing,Spoofing
13.500000,16.575400,244.600000,Backdoor_Malware,Web
9.500000,0.551126,141.550000,DoS-HTTP_Flood,DoS
5.500000,23.167554,38.500000,DictionaryBruteForce,BruteForce
13.500000,49.021087,244.600000,Recon-HostDiscovery,Recon
9.500000,1305.161983,141.550000,Mirai-udpplain,Mirai
13.500000,1.130351,244.600000,DictionaryBruteForce,BruteForce
13.500000,893.654105,244.600000,MITM-ArpSpoofing,Spoofing
5.500000,13.632503,38.500000,BenignTraffic,Benign
9.500000,84.720578,141.550000,Mirai-greip_flood,Mirai
5.500000,106.422625,38.500000,MITM-ArpSpoofing,Spoofing
9.500000,0.415932,141.550000,DoS-TCP_Flood,DoS
9.500000,2.398933,141.550000,Mirai-greeth_flood,Mirai
5.500000,389.544135,38.500000,BrowserHijacking,Web
13.500000,341.766158,244.600000,MITM-ArpSpoofing,Spoofing
9.500000,1920.184298,141.550000,Mirai-udpplain,Mirai
9.500000,7.396096,141.550000,Mirai-greip_flood,Mirai
9.500000,2.253825,141.550000,DoS-SYN_Flood,DoS
13.500000,65.887353,244.600000,Recon-PortScan,Recon
9.500000,0.519202,141.550000,DDoS-HTTP_Flood,DDoS
13.500000,356.112784,244.600000,MITM-ArpSpoofing,Spoofing
5.500000,170.783896,38.500000,BenignTraffic,Benign
13.500000,15.622092,244.600000,DictionaryBruteForce,BruteForce
13.500000,19.613060,244.600000,BrowserHijacking,Web
5.500000,7.376318,38.500000,Recon-PortScan,Recon
5.500000,510.714403,38.500000,CommandInjection,Web
5.500000,51.097556,38.500000,DictionaryBruteForce,BruteForce
13.500000,13.151238,244.600000,XSS,Web
9.500000,0.546750,141.550000,DDoS-SynonymousIP_Flood,DDoS
9.500000,213.765553,141.550000,DDoS-UDP_Fragmentation,DDoS
9.500000,1.923040,141.550000,DDoS-TCP_Flood,DDoS
5.500000,0.842117,38.500000,Backdoor_Malware,Web
9.500000,4.076450,141.550000,DoS-HTTP_Flood,DoS
13.500000,1056.781546,244.600000,CommandInjection,Web
9.500000,28.390861,141.550000,DDoS-SYN_Flood,DDoS
13.500000,93.246465,244.600000,CommandInjection,Web
13.500000,39.440958,244.600000,Recon-OSScan,Recon
9.500000,2.170566,141.550000,DoS-HTTP_Flood,DoS
13.500000,70.949118,244.600000,BenignTraffic,Benign
9.500000,0.468044,141.550000,DoS-SYN_Flood,DoS
13.500000,12.484663,244.600000,DictionaryBruteForce,BruteForce
13.500000,12.049402,244.600000,DNS_Spoofing,Spoofing
13.500000,8.079022,244.600000,Recon-OSScan,Recon
5.500000,1.796209,38.500000,CommandInjection,Web
13.500000,2.460055,244.600000,DictionaryBruteForce,BruteForce
9.500000,3117.569894,141.550000,DoS-UDP_Flood,DoS
13.500000,238.602055,244.600000,Recon-HostDiscovery,Recon
9.500000,0.998846,141.550000,DoS-UDP_Flood,DoS
9.500000,1661.918369,141.550000,Mirai-udpplain,Mirai
5.500000,68.837449,38.500000,BenignTraffic,Benign
5.500000,0.900866,38.500000,SqlInjection,Web
13.500000,40.432037,244.600000,Recon-PingSweep,Recon
13.500000,1516.604847,244.600000,DNS_Spoofing,Spoofing
13.500000,45.721524,244.600000,MITM-ArpSpoofing,Spoofing
5.500000,17.186335,38.500000,BenignTraffic,Benign
5.500000,85.253423,38.500000,BenignTraffic,Benign
9.500000,3389.046206,141.550000,DDoS-UDP_Flood,DDoS
9.500000,23264.670800,141.550000,DDoS-UDP_Flood,DDoS
9.500000,0.317067,141.550000,DoS-SYN_Flood,DoS
5.500000,2.993030,38.500000,DictionaryBruteForce,BruteForce
13.500000,2.520506,244.600000,DictionaryBruteForce,BruteForce
9.500000,0.455372,141.550000,DoS-SYN_Flood,DoS
13.500000,135.126720,244.600000,DNS_Spoofing,Spoofing
9.500000,61.236973,141.550000,Mirai-greip_flood,Mirai
9.500000,995.109433,141.550000,Mirai-udpplain,Mirai
13.500000,9.363641,244.600000,BenignTraffic,Benign
9.500000,16861.997524,141.550000,DDoS-UDP_Fragmentation,DDoS
9.500000,1171.793409,141.550000,Mirai-udpplain,Mirai
13.500000,65.910722,244.600000,Recon-OSScan,Recon
9.500000,1.376731,141.550000,DoS-SYN_Flood,DoS
5.500000,239.885223,38.500000,DNS_Spoofing,Spoofing
13.500000,0.243119,244.600000,XSS,Web
9.500000,12.541515,141.550000,Mirai-greip_flood,Mirai
5.500000,3578.953331,38.500000,DNS_Spoofing,Spoofing
5.500000,25.754504,38.500000,SqlInjection,Web
13.500000,61.669738,244.600000,DNS_Spoofing,Spoofing
5.500000,15.238098,38.500000,BenignTraffic,Benign
9.500000,2051.325673,141.550000,Mirai-udpplain,Mirai
9.500000,129.274280,141.550000,DDoS-SYN_Flood,DDoS
5.500000,16.969707,38.500000,Recon-HostDiscovery,Recon
9.500000,3.866026,141.550000,Mirai-greip_flood,Mirai
13.500000,125.933710,244.600000,DictionaryBruteForce,BruteForce
13.500000,2002.808434,244.600000,Backdoor_Malware,Web
5.500000,9.810368,38.500000,CommandInjection,Web
5.500000,12.056001,38.500000,DictionaryBruteForce,BruteForce
9.500000,42.376445,141.550000,Mirai-greeth_flood,Mirai
13.500000,0.284003,244.600000,XSS,Web
9.500000,0.598619,141.550000,DoS-TCP_Flood,DoS
5.500000,44.091833,38.500000,BenignTraffic,Benign
9.500000,1.187686,141.550000,DoS-SYN_Flood,DoS
5.500000,296.213284,38.500000,MITM-ArpSpoofing,Spoofing
9.500000,5921.824270,141.550000,DDoS-UDP_Flood,DDoS
9.500000,1076.806702,141.550000,Mirai-udpplain,Mirai
9.500000,7.164223,141.550000,DoS-UDP_Flood,DoS
5.500000,19.277973,38.500000,Recon-PingSweep,Recon
9.500000,0.166838,141.550000,DoS-TCP_Flood,DoS
5.500000,9.674070,38.500000,DictionaryBruteForce,BruteForce
5.500000,16.347826,38.500000,BrowserHijacking,Web
9.500000,7.785280,141.550000,Mirai-greeth_flood,Mirai
5.500000,51.567522,38.500000,Recon-PingSweep,Recon
13.500000,11.537630,244.600000,CommandInjection,Web
9.500000,15241.809036,141.550000,DoS-UDP_Flood,DoS
5.500000,356.332311,38.500000,Recon-HostDiscovery,Recon
13.500000,53.725803,244.600000,BenignTraffic,Benign
9.500000,15.666417,141.550000,DoS-TCP_Flood,DoS
9.500000,0.510267,141.550000,DoS-SYN_Flood,DoS
5.500000,19.229097,38.500000,Recon-HostDiscovery,Recon
5.500000,1.955189,38.500000,DNS_Spoofing,Spoofing
13.500000,48.647128,244.600000,BenignTraffic,Benign
9.500000,15.065279,141.550000,DoS-HTTP_Flood,DoS
9.500000,9326.729954,141.550000,DoS-UDP_Flood,DoS
9.500000,1.135678,141.550000,DDoS-PSHACK_Flood,DDoS
9.500000,6.779127,141.550000,Mirai-greeth_flood,Mirai
13.500000,2.422851,244.600000,CommandInjection,Web
13.500000,10.388981,244.600000,DNS_Spoofing,Spoofing
13.500000,348.153886,244.600000,Recon-OSScan,Recon
5.500000,27.959615,38.500000,DictionaryBruteForce,BruteForce
9.500000,0.479440,141.550000,DoS-TCP_Flood,DoS
5.500000,21.344453,38.500000,MITM-ArpSpoofing,Spoofing
5.500000,0.239869,38.500000,Recon-PingSweep,Recon
5.500000,7.106004,38.500000,MITM-ArpSpoofing,Spoofing
5.500000,30.478498,38.500000,BenignTraffic,Benign
9.500000,185.302642,141.550000,DDoS-UDP_Fragmentation,DDoS
13.500000,2.312066,244.600000,MITM-ArpSpoofing,Spoofing
13.500000,1.397921,244.600000,DictionaryBruteForce,BruteForce
9.500000,8938.220860,141.550000,Mirai-udpplain,Mirai
5.500000,190.149303,38.500000,Recon-PortScan,Recon
5.500000,2.516626,38.500000,Uploading_Attack,Web
9.500000,14512.051948,141.550000,DoS-UDP_Flood,DoS
13.500000,66.953313,244.600000,DNS_Spoofing,Spoofing
13.500000,71.707959,244.600000,BenignTraffic,Benign
5.500000,39.977544,38.500000,XSS,Web
13.500000,0.350572,244.600000,Recon-HostDiscovery,Recon
9.500000,2628.458073,141.550000,Mirai-udpplain,Mirai
13.500000,52.653967,244.600000,BenignTraffic,Benign
5.500000,83.352591,38.500000,DictionaryBruteForce,BruteForce
5.500000,75.177944,38.500000,BenignTraffic,Benign
5.500000,26.019360,38.500000,BenignTraffic,Benign
13.500000,2107.778057,244.600000,MITM-ArpSpoofing,Spoofing
5.500000,53.776929,38.500000,BenignTraffic,Benign
13.500000,4.320183,244.600000,Uploading_Attack,Web
5.500000,10.468133,38.500000,DictionaryBruteForce,BruteForce
9.500000,531.746033,141.550000,Mirai-udpplain,Mirai
9.500000,4216.283353,141.550000,DDoS-UDP_Flood,DDoS
9.500000,24.464536,141.550000,DoS-SYN_Flood,DoS
9.500000,0.303152,141.550000,DoS-SYN_Flood,DoS
5.500000,0.485444,38.500000,CommandInjection,Web
9.500000,0.405048,141.550000,DoS-SYN_Flood,DoS
5.500000,149.241104,38.500000,CommandInjection,Web
9.500000,619.652124,141.550000,DDoS-UDP_Fragmentation,DDoS
9.500000,0.522814,141.550000,DoS-SYN_Flood,DoS
13.500000,0.045732,244.600000,MITM-ArpSpoofing,Spoofing
9.500000,5.932636,141.550000,Mirai-greeth_flood,Mirai
5.500000,10.091069,38.500000,SqlInjection,Web
9.500000,0.419929,141.550000,DoS-TCP_Flood,DoS
13.500000,71.361080,244.600000,DictionaryBruteForce,BruteForce
9.500000,0.416939,141.550000,DoS-HTTP_Flood,DoS
9.500000,1092.410406,141.550000,Mirai-udpplain,Mirai
5.500000,3.378289,38.500000,DictionaryBruteForce,BruteForce
13.500000,3608.773295,244.600000,BenignTraffic,Benign
9.500000,90.793662,141.550000,Mirai-greip_flood,Mirai
13.500000,231.172503,244.600000,DictionaryBruteForce,BruteForce
13.500000,992.472903,244.600000,CommandInjection,Web
5.500000,20.553755,38.500000,Recon-HostDiscovery,Recon
13.500000,65.773989,244.600000,XSS,Web
9.500000,0.429482,141.550000,DoS-SYN_Flood,DoS
13.500000,3595.443744,244.600000,DNS_Spoofing,Spoofing
13.500000,165.241878,244.600000,MITM-ArpSpoofing,Spoofing
13.500000,161.429141,244.600000,MITM-ArpSpoofing,Spoofing
13.500000,9.817208,244.600000,Uploading_Attack,Web
9.500000,179.629399,141.550000,DDoS-SYN_Flood,DDoS
13.500000,2.054876,244.600000,SqlInjection,Web
9.500000,0.395884,141.550000,Mirai-greeth_flood,Mirai
9.500000,174.224827,141.550000,DoS-HTTP_Flood,DoS
9.500000,0.323565,141.550000,DoS-TCP_Flood,DoS
9.500000,224.482090,141.550000,DDoS-UDP_Fragmentation,DDoS
5.500000,50.988419,38.500000,MITM-ArpSpoofing,Spoofing
13.500000,993.386404,244.600000,CommandInjection,Web
9.500000,51.663534,141.550000,DoS-SYN_Flood,DoS
5.500000,0.131101,38.500000,XSS,Web
5.500000,288.359968,38.500000,MITM-ArpSpoofing,Spoofing
9.500000,7148.960278,141.550000,DoS-UDP_Flood,DoS
5.500000,46.078261,38.500000,DictionaryBruteForce,BruteForce
5.500000,15.865108,38.500000,DictionaryBruteForce,BruteForce
9.500000,3.016000,141.550000,DDoS-RSTFINFlood,DDoS
5.500000,289.679813,38.500000,SqlInjection,Web
13.500000,713.528145,244.600000,XSS,Web
13.500000,70.708559,244.600000,BenignTraffic,Benign
5.500000,2.822177,38.500000,DictionaryBruteForce,BruteForce
9.500000,7255.282726,141.550000,DDoS-UDP_Flood,DDoS
9.500000,0.889647,141.550000,DDoS-ICMP_Flood,DDoS
5.500000,3.139995,38.500000,DictionaryBruteForce,BruteForce
13.500000,127.317758,244.600000,MITM-ArpSpoofing,Spoofing
9.500000,1.067232,141.550000,DDoS-RSTFINFlood,DDoS
9.500000,1.205003,141.550000,DoS-TCP_Flood,DoS
13.500000,68.534589,244.600000,DictionaryBruteForce,BruteForce
9.500000,112.147635,141.550000,VulnerabilityScan,Recon
9.500000,37.627991,141.550000,VulnerabilityScan,Recon
9.500000,3.050387,141.550000,DDoS-SYN_Flood,DDoS
9.500000,1.338178,141.550000,DDoS-TCP_Flood,DDoS
9.500000,0.491854,141.550000,DDoS-TCP_Flood,DDoS
13.500000,265.612344,244.600000,MITM-ArpSpoofing,Spoofing
9.500000,1961.962099,141.550000,Mirai-udpplain,Mirai
5.500000,538.409732,38.500000,MITM-ArpSpoofing,Spoofing
9.500000,0.701428,141.550000,DDoS-ICMP_Flood,DDoS
5.500000,180.171444,38.500000,MITM-ArpSpoofing,Spoofing
9.500000,3.326157,141.550000,Mirai-greip_flood,Mirai
9.500000,6.077953,141.550000,DoS-HTTP_Flood,DoS
9.500000,5.103630,141.550000,DoS-SYN_Flood,DoS
9.500000,1.286116,141.550000,DDoS-PSHACK_Flood,DDoS
5.500000,22.337497,38.500000,CommandInjection,Web
5.500000,1.155910,38.500000,BrowserHijacking,Web
5.500000,12.401587,38.500000,Backdoor_Malware,Web
9.500000,61.759048,141.550000,DoS-SYN_Flood,DoS
9.500000,128628.336756,141.550000,DDoS-HTTP_Flood,DDoS
13.500000,21.417943,244.600000,DictionaryBruteForce,BruteForce
9.500000,34.867721,141.550000,VulnerabilityScan,Recon
13.500000,14.453905,244.600000,DNS_Spoofing,Spoofing
9.500000,4.484054,141.550000,DoS-HTTP_Flood,DoS
9.500000,22.083766,141.550000,VulnerabilityScan,Recon
13.500000,227.180893,244.600000,Recon-PortScan,Recon
9.500000,13.428492,141.550000,VulnerabilityScan,Recon
9.500000,0.439709,141.550000,DoS-TCP_Flood,DoS
13.500000,17.205188,244.600000,DNS_Spoofing,Spoofing
13.500000,108.091681,244.600000,MITM-ArpSpoofing,Spoofing
9.500000,0.333385,141.550000,DoS-SYN_Flood,DoS
9.500000,24.365668,141.550000,DDoS-ICMP_Fragmentation,DDoS
13.500000,14.582595,244.600000,Recon-PingSweep,Recon
9.500000,1.582587,141.550000,DDoS-HTTP_Flood,DDoS
5.500000,0.675769,38.500000,DictionaryBruteForce,BruteForce
5.500000,297.662356,38.500000,DNS_Spoofing,Spoofing
9.500000,0.495259,141.550000,DoS-SYN_Flood,DoS
5.500000,14.103603,38.500000,Recon-PortScan,Recon
5.500000,52.731949,38.500000,CommandInjection,Web
13.500000,357.273852,244.600000,MITM-ArpSpoofing,Spoofing
13.500000,516.849147,244.600000,Recon-PingSweep,Recon
9.500000,28.247261,141.550000,DoS-TCP_Flood,DoS
9.500000,70436.535007,141.550000,DoS-UDP_Flood,DoS
5.500000,39.398897,38.500000,BenignTraffic,Benign
9.500000,254.455678,141.550000,DDoS-SlowLoris,DDoS
5.500000,3.427178,38.500000,DictionaryBruteForce,BruteForce
13.500000,327.596856,244.600000,MITM-ArpSpoofing,Spoofing
5.500000,0.895955,38.500000,Recon-PortScan,Recon
5.500000,41.609968,38.500000,DictionaryBruteForce,BruteForce
5.500000,40.404861,38.500000,Backdoor_Malware,Web
5.500000,84.960049,38.500000,SqlInjection,Web
9.500000,32.370325,141.550000,DDoS-ICMP_Flood,DDoS
5.500000,1.977847,38.500000,Recon-HostDiscovery,Recon
5.500000,0.050117,38.500000,Backdoor_Malware,Web
9.500000,17746.604220,141.550000,DoS-UDP_Flood,DoS
9.500000,2.100217,141.550000,DDoS-SlowLoris,DDoS
5.500000,68.958249,38.500000,BenignTraffic,Benign
13.500000,59.206937,244.600000,BenignTraffic,Benign
5.500000,107.912092,38.500000,Recon-OSScan,Recon
13.500000,2.191212,244.600000,DictionaryBruteForce,BruteForce
13.500000,74.381073,244.600000,BenignTraffic,Benign
5.500000,0.002562,38.500000,Recon-OSScan,Recon
13.500000,1.521935,244.600000,CommandInjection,Web
13.500000,6.168473,244.600000,MITM-ArpSpoofing,Spoofing
9.500000,58.230179,141.550000,DDoS-SlowLoris,DDoS
9.500000,29.778732,141.550000,VulnerabilityScan,Recon
9.500000,2.598922,141.550000,DDoS-ICMP_Flood,DDoS
9.500000,17.136767,141.550000,VulnerabilityScan,Recon
5.500000,9.678671,38.500000,SqlInjection,Web
13.500000,11.021005,244.600000,DictionaryBruteForce,BruteForce
9.500000,554.887959,141.550000,DoS-HTTP_Flood,DoS
13.500000,11.884483,244.600000,Recon-PortScan,Recon
9.500000,0.403955,141.550000,DoS-UDP_Flood,DoS
5.500000,1.390161,38.500000,Recon-PortScan,Recon
9.500000,3.595819,141.550000,Mirai-greip_flood,Mirai
5.500000,2.031625,38.500000,DictionaryBruteForce,BruteForce
9.500000,3.006904,141.550000,DoS-TCP_Flood,DoS
13.500000,2.598825,244.600000,Backdoor_Malware,Web
9.500000,1.450281,141.550000,Mirai-greeth_flood,Mirai
13.500000,22.455257,244.600000,DictionaryBruteForce,BruteForce
13.500000,3507.729193,244.600000,DNS_Spoofing,Spoofing
5.500000,53.522896,38.500000,DNS_Spoofing,Spoofing
5.500000,0.840093,38.500000,Recon-HostDiscovery,Recon
13.500000,4.606700,244.600000,DictionaryBruteForce,BruteForce
9.500000,0.000000,141.550000,DoS-TCP_Flood,DoS
5.500000,73.697910,38.500000,BenignTraffic,Benign
9.500000,1582.496753,141.550000,Mirai-udpplain,Mirai
13.500000,79.569585,244.600000,DNS_Spoofing,Spoofing
9.500000,6.261866,141.550000,Mirai-greip_flood,Mirai
5.500000,105.055443,38.500000,DNS_Spoofing,Spoofing
9.500000,1415.175098,141.550000,Mirai-udpplain,Mirai
13.500000,943.717883,244.600000,Uploading_Attack,Web
9.500000,0.689602,141.550000,DoS-TCP_Flood,DoS
13.500000,17.750796,244.600000,BenignTraffic,Benign
9.500000,16.934618,141.550000,Mirai-greeth_flood,Mirai
13.500000,2638.274355,244.600000,BenignTraffic,Benign
9.500000,0.206902,141.550000,DoS-SYN_Flood,DoS
13.500000,27.438913,244.600000,BenignTraffic,Benign
9.500000,46.116396,141.550000,VulnerabilityScan,Recon
9.500000,10.604930,141.550000,DoS-HTTP_Flood,DoS
9.500000,149.693989,141.550000,DDoS-UDP_Fragmentation,DDoS
13.500000,164.097846,244.600000,DNS_Spoofing,Spoofing
9.500000,0.000000,141.550000,DDoS-ICMP_Flood,DDoS
9.500000,165.111728,141.550000,VulnerabilityScan,Recon
9.500000,15.415220,141.550000,Mirai-greip_flood,Mirai
9.500000,168.739668,141.550000,DDoS-UDP_Fragmentation,DDoS
9.500000,0.000000,141.550000,DDoS-PSHACK_Flood,DDoS
5.500000,38.196971,38.500000,Recon-PingSweep,Recon
13.500000,19.127348,244.600000,BenignTraffic,Benign
9.500000,9.981269,141.550000,Mirai-greip_flood,Mirai
9.500000,1.156901,141.550000,DDoS-ICMP_Fragmentation,DDoS
13.500000,0.744530,244.600000,DNS_Spoofing,Spoofing
5.500000,68.285478,38.500000,BenignTraffic,Benign
5.500000,3.291738,38.500000,BenignTraffic,Benign
9.500000,639.076965,141.550000,Mirai-udpplain,Mirai
5.500000,1.281780,38.500000,DictionaryBruteForce,BruteForce
9.500000,767.631833,141.550000,Mirai-udpplain,Mirai
13.500000,8.048983,244.600000,DictionaryBruteForce,BruteForce
9.500000,37.619274,141.550000,DDoS-HTTP_Flood,DDoS
5.500000,4.823800,38.500000,DictionaryBruteForce,BruteForce
5.500000,60.504595,38.500000,BenignTraffic,Benign
13.500000,9.446464,244.600000,SqlInjection,Web
5.500000,13.209554,38.500000,Recon-PortScan,Recon
5.500000,0.042826,38.500000,SqlInjection,Web
9.500000,98.087135,141.550000,Mirai-greeth_flood,Mirai
13.500000,411.681224,244.600000,SqlInjection,Web
9.500000,0.259697,141.550000,DDoS-SlowLoris,DDoS
9.500000,6.841897,141.550000,DDoS-RSTFINFlood,DDoS
13.500000,25.026694,244.600000,SqlInjection,Web
13.500000,0.661777,244.600000,Uploading_Attack,Web
13.500000,42.964535,244.600000,BenignTraffic,Benign
5.500000,672.379839,38.500000,MITM-ArpSpoofing,Spoofing
5.500000,41.377240,38.500000,DictionaryBruteForce,BruteForce
9.500000,1312.572106,141.550000,Mirai-udpplain,Mirai
13.500000,58.991305,244.600000,DictionaryBruteForce,BruteForce
9.500000,8529.664797,141.550000,DoS-UDP_Flood,DoS
5.500000,85.807664,38.500000,BenignTraffic,Benign
13.500000,9.196038,244.600000,BenignTraffic,Benign
9.500000,14.727436,141.550000,DoS-HTTP_Flood,DoS
13.500000,27.016973,244.600000,Recon-PortScan,Recon
9.500000,3.999474,141.550000,Mirai-greeth_flood,Mirai
13.500000,81.904341,244.600000,DictionaryBruteForce,BruteForce
9.500000,0.190743,141.550000,DoS-HTTP_Flood,DoS
5.500000,0.914391,38.500000,CommandInjection,Web
13.500000,1016.873811,244.600000,CommandInjection,Web
9.500000,87.390653,141.550000,DDoS-UDP_Fragmentation,DDoS
9.500000,41957.945200,141.550000,VulnerabilityScan,Recon
5.500000,0.953430,38.500000,MITM-ArpSpoofing,Spoofing
9.500000,12.832947,141.550000,DDoS-SlowLoris,DDoS
13.500000,33.496353,244.600000,DNS_Spoofing,Spoofing
13.500000,454.921341,244.600000,MITM-ArpSpoofing,Spoofing
9.500000,65.368535,141.550000,DoS-HTTP_Flood,DoS
9.500000,11297.775358,141.550000,DoS-UDP_Flood,DoS
5.500000,66.687880,38.500000,DNS_Spoofing,Spoofing
9.500000,1332.564998,141.550000,Mirai-udpplain,Mirai
13.500000,82.980542,244.600000,BenignTraffic,Benign
5.500000,12.001541,38.500000,DictionaryBruteForce,BruteForce
5.500000,0.163165,38.500000,Recon-PingSweep,Recon
5.500000,3001.088351,38.500000,MITM-ArpSpoofing,Spoofing
9.500000,5.585375,141.550000,DDoS-ICMP_Flood,DDoS
5.500000,138.006769,38.500000,DNS_Spoofing,Spoofing
9.500000,32.724424,141.550000,DDoS-TCP_Flood,DDoS
9.500000,14.508055,141.550000,Mirai-greip_flood,Mirai
9.500000,2.028994,141.550000,DDoS-PSHACK_Flood,DDoS
13.500000,0.511948,244.600000,Recon-HostDiscovery,Recon
9.500000,19.817739,141.550000,VulnerabilityScan,Recon
13.500000,16.686209,244.600000,MITM-ArpSpoofing,Spoofing
5.500000,27.796183,38.500000,Recon-OSScan,Recon
9.500000,6.350430,141.550000,Mirai-greip_flood,Mirai
5.500000,113.214111,38.500000,BenignTraffic,Benign
9.500000,1.489042,141.550000,Mirai-greip_flood,Mirai
9.500000,16.107468,141.550000,Mirai-greeth_flood,Mirai
13.500000,103.414673,244.600000,DictionaryBruteForce,BruteForce
9.500000,21.018678,141.550000,Mirai-greeth_flood,Mirai
9.500000,2.835147,141.550000,DDoS-SYN_Flood,DDoS
9.500000,307.139927,141.550000,Mirai-udpplain,Mirai
13.500000,24.404618,244.600000,Recon-OSScan,Recon
9.500000,4.605460,141.550000,Mirai-greip_flood,Mirai
13.500000,0.409413,244.600000,DictionaryBruteForce,BruteForce
5.500000,24.321998,38.500000,CommandInjection,Web
5.500000,36.864344,38.500000,Uploading_Attack,Web
5.500000,30.819317,38.500000,DNS_Spoofing,Spoofing
9.500000,1.278181,141.550000,DoS-HTTP_Flood,DoS
5.500000,16.187411,38.500000,Recon-OSScan,Recon
9.500000,20.130324,141.550000,DDoS-RSTFINFlood,DDoS
13.500000,112.230865,244.600000,Backdoor_Malware,Web
9.500000,7.473507,141.550000,DoS-UDP_Flood,DoS
13.500000,16.214544,244.600000,DictionaryBruteForce,BruteForce
5.500000,104.875930,38.500000,BrowserHijacking,Web
13.500000,21.949249,244.600000,Recon-PortScan,Recon
5.500000,14745.813187,38.500000,DNS_Spoofing,Spoofing
5.500000,22.873057,38.500000,BenignTraffic,Benign
9.500000,0.433001,141.550000,DoS-TCP_Flood,DoS
13.500000,91.884071,244.600000,DictionaryBruteForce,BruteForce
13.500000,32.023512,244.600000,Recon-PortScan,Recon
5.500000,85.359526,38.500000,Uploading_Attack,Web
9.500000,9.137161,141.550000,Mirai-greip_flood,Mirai
5.500000,2.741583,38.500000,SqlInjection,Web
5.500000,36.273003,38.500000,Recon-PingSweep,Recon
9.500000,3.882209,141.550000,DDoS-ACK_Fragmentation,DDoS
5.500000,68.016010,38.500000,BenignTraffic,Benign
5.500000,12.165638,38.500000,Backdoor_Malware,Web
5.500000,33.411926,38.500000,Recon-HostDiscovery,Recon
5.500000,2.249248,38.500000,DictionaryBruteForce,BruteForce
9.500000,268.363801,141.550000,Mirai-udpplain,Mirai
13.500000,82.263536,244.600000,BenignTraffic,Benign
5.500000,92.982402,38.500000,MITM-ArpSpoofing,Spoofing
13.500000,39.405812,244.600000,BenignTraffic,Benign
9.500000,10.758124,141.550000,DDoS-ICMP_Fragmentation,DDoS
9.500000,853.109228,141.550000,Mirai-udpplain,Mirai
13.500000,5.483131,244.600000,DictionaryBruteForce,BruteForce
9.500000,0.553972,141.550000,DDoS-SynonymousIP_Flood,DDoS
9.500000,3.990689,141.550000,Mirai-greeth_flood,Mirai
5.500000,102.337038,38.500000,Recon-OSScan,Recon
5.500000,625.050497,38.500000,MITM-ArpSpoofing,Spoofing
9.500000,4.322165,141.550000,DoS-HTTP_Flood,DoS
9.500000,2.161139,141.550000,Mirai-greeth_flood,Mirai
5.500000,0.481066,38.500000,DictionaryBruteForce,BruteForce
5.500000,71.437718,38.500000,MITM-ArpSpoofing,Spoofing
9.500000,19.846238,141.550000,DoS-SYN_Flood,DoS
5.500000,13.460339,38.500000,BenignTraffic,Benign
5.500000,5.757016,38.500000,XSS,Web
5.500000,16.075919,38.500000,Recon-HostDiscovery,Recon
13.500000,3540.501770,244.600000,DNS_Spoofing,Spoofing
13.500000,301.705664,244.600000,MITM-ArpSpoofing,Spoofing
9.500000,3.014842,141.550000,Mirai-greip_flood,Mirai
9.500000,28.449939,141.550000,DDoS-ICMP_Flood,DDoS
5.500000,72.743798,38.500000,BenignTraffic,Benign
9.500000,1.065906,141.550000,DDoS-SynonymousIP_Flood,DDoS
13.500000,10.744381,244.600000,BenignTraffic,Benign
9.500000,2632.084019,141.550000,Mirai-udpplain,Mirai
9.500000,0.496573,141.550000,DoS-SYN_Flood,DoS
13.500000,66.926692,244.600000,DNS_Spoofing,Spoofing
5.500000,456.252348,38.500000,SqlInjection,Web
9.500000,16.217172,141.550000,DDoS-ACK_Fragmentation,DDoS
9.500000,384.234513,141.550000,DDoS-UDP_Fragmentation,DDoS
9.500000,24.395631,141.550000,DDoS-SYN_Flood,DDoS
5.500000,2.476899,38.500000,DictionaryBruteForce,BruteForce
5.500000,57.295743,38.500000,Uploading_Attack,Web
5.500000,0.385733,38.500000,DNS_Spoofing,Spoofing
